08/04/2026,,,,,,,,,,,,,,,,,,,,
iShares Russell 1000 ETF,,,,,,,,,,,,,,,,,,,,
Inception Date,"May 15, 2000",,,,,,,,,,,,,,,,,,,
Fund Holdings as of,"Aug 04, 2026",,,,,,,,,,,,,,,,,,,
Number of Securities (excluding cash and derivatives),"1,023.00",,,,,,,,,,,,,,,,,,,
Shares Outstanding,"118,500,000.00",,,,,,,,,,,,,,,,,,,
,,,,,,,,,,,,,,,,,,,,
Ticker,Name,Sector,Asset Class,Market Value,Weight (%),Notional Value,Quantity,Price,Location,Exchange,Currency,FX Rate,Accrual Date,P/E,1-Month,3-Month,YTD,1-Year,3-Year,EPS
NVDA,NVIDIA CORP,Information Technology,Equity,"$3,461,258,053",6.92,"3,461,258,053.34","16,331,311.00",211.94,United States,NASDAQ,USD,1,--,33.57,8.38%,1.98%,12.23%,18.13%,366.62%,6.53
AAPL,APPLE INC,Information Technology,Equity,"$3,131,510,019",6.26,"3,131,510,018.82","10,121,889.00",309.38,United States,NASDAQ,USD,1,--,35.65,-1.05%,7.61%,14.16%,45.08%,72.98%,8.72
MSFT,MICROSOFT,Information Technology,Equity,"$2,563,221,113",5.13,"2,563,221,113.16","5,201,236.00",492.81,United States,NASDAQ,USD,1,--,27.16,27.43%,19.05%,4.20%,-6.12%,49.29%,17.95
AMZN,AMAZON.COM INC,Consumer Discretionary,Equity,"$1,884,054,098",3.77,"1,884,054,097.64","6,791,342.00",277.42,United States,NASDAQ,USD,1,--,21.93,13.62%,0.88%,22.48%,24.79%,95.06%,12.43
GOOGL,ALPHABET CLASS A,Communication,Equity,"$1,540,541,603",3.08,"1,540,541,602.60","4,079,284.00",377.65,United States,NASDAQ,USD,1,--,18.21,3.05%,-5.12%,19.83%,92.59%,187.12%,19.90
AVGO,BROADCOM INC,Information Technology,Equity,"$1,361,894,850",2.72,"1,361,894,850.00","3,256,875.00",418.16,United States,NASDAQ,USD,1,--,69.63,11.84%,-1.71%,20.29%,38.62%,366.12%,6.01
GOOG,ALPHABET CLASS C,Communication,Equity,"$1,249,432,800",2.5,"1,249,432,799.90","3,328,714.00",375.35,United States,NASDAQ,USD,1,--,18.09,2.86%,-5.01%,19.04%,90.61%,184.49%,19.90
META,META PLATFORMS CLASS A,Communication,Equity,"$904,768,519",1.81,"904,768,519.26","1,538,879.00",587.94,United States,NASDAQ,USD,1,--,22.17,-2.06%,-4.07%,-9.60%,-23.84%,85.73%,26.56
MU,MICRON TECHNOLOGY,Information Technology,Equity,"$704,465,706",1.41,"704,465,705.89","789,167.00",892.67,United States,NASDAQ,USD,1,--,20.22,-9.35%,33.92%,183.01%,720.62%,1186.64%,44.17
BRKB,BERKSHIRE HATHAWAY INC CLASS B,Financials,Equity,"$674,322,989",1.35,"674,322,988.90","1,303,745.00",517.22,United States,NYSE,USD,1,--,,-98.57%,-98.37%,-98.51%,-98.18%,,
TSLA,TESLA INC,Consumer Discretionary,Equity,"$669,473,306",1.34,"669,473,305.50","2,045,130.00",327.35,United States,NASDAQ,USD,1,--,298.69,-22.02%,-17.90%,-25.27%,2.33%,30.18%,1.08
JPM,JPMORGAN CHASE & CO,Financials,Equity,"$669,241,330",1.34,"669,241,330.48","1,871,899.00",357.52,United States,NYSE,USD,1,--,15.39,5.86%,13.53%,9.84%,22.71%,128.07%,23.34
LLY,ELI LILLY,Health Care,Equity,"$623,581,444",1.25,"623,581,444.00","558,925.00","1,115.68",United States,NYSE,USD,1,--,41.56,-7.03%,13.03%,3.27%,49.48%,145.70%,29.80
AMD,ADVANCED MICRO DEVICES,Information Technology,Equity,"$590,534,531",1.18,"590,534,530.74","1,138,753.00",518.58,United States,NASDAQ,USD,1,--,123.70,-6.06%,23.06%,132.06%,217.91%,343.95%,3.90
XOM,EXXONMOBIL HOLDINGS CORP,Energy,Equity,"$448,568,464",0.9,"448,568,464.44","2,913,539.00",153.96,United States,NYSE,USD,1,--,19.51,12.84%,3.54%,25.53%,44.55%,43.62%,7.77
JNJ,JOHNSON & JOHNSON,Health Care,Equity,"$430,048,555",0.86,"430,048,555.04","1,686,928.00",254.93,United States,NYSE,USD,1,--,29.87,-1.70%,13.49%,22.95%,49.44%,47.27%,8.62
V,VISA CLASS A,Financials,Equity,"$427,237,170",0.85,"427,237,169.84","1,155,976.00",369.59,United States,NYSE,USD,1,--,31.36,3.45%,15.93%,6.67%,8.79%,53.03%,11.75
WMT,WALMART INC,Consumer Staples,Equity,"$342,792,481",0.69,"342,792,480.70","3,072,994.00",111.55,United States,NASDAQ,USD,1,--,39.58,0.81%,-14.25%,-1.07%,7.92%,108.50%,2.84
CSCO,CISCO SYSTEMS INC,Information Technology,Equity,"$336,732,475",0.67,"336,732,474.78","2,765,997.00",121.74,United States,NASDAQ,USD,1,--,40.49,6.81%,32.85%,60.10%,75.90%,129.65%,3.00
MA,MASTERCARD CLASS A,Financials,Equity,"$322,973,041",0.65,"322,973,040.80","565,528.00",571.1,United States,NYSE,USD,1,--,31.38,7.13%,16.10%,1.42%,0.35%,43.90%,18.18
INTC,INTEL CORPORATION,Information Technology,Equity,"$309,645,142",0.62,"309,645,142.14","3,070,049.00",100.86,United States,NASDAQ,USD,1,--,,-17.46%,-10.75%,156.12%,394.17%,186.29%,-2.12
AMAT,APPLIED MATERIAL INC,Information Technology,Equity,"$303,375,740",0.61,"303,375,739.86","555,003.00",546.62,United States,NASDAQ,USD,1,--,50.21,-7.79%,27.53%,103.30%,206.85%,263.49%,10.64
ABBV,ABBVIE,Health Care,Equity,"$302,191,563",0.6,"302,191,562.80","1,239,506.00",243.8,United States,NYSE,USD,1,--,69.63,-4.30%,18.91%,6.32%,24.20%,62.18%,3.54
COST,COSTCO WHOLESALE CORP,Consumer Staples,Equity,"$294,485,621",0.59,"294,485,620.80","310,688.00",947.85,United States,NASDAQ,USD,1,--,47.38,-0.25%,-4.81%,10.92%,-2.14%,69.74%,19.88
BAC,BANK OF AMERICA CORP,Financials,Equity,"$291,238,448",0.58,"291,238,447.80","4,630,182.00",62.9,United States,NYSE,USD,1,--,14.69,5.01%,17.35%,12.42%,38.49%,97.30%,4.31
CAT,CATERPILLAR INC,Industrials,Equity,"$278,746,732",0.56,"278,746,732.32","318,008.00",876.54,United States,NYSE,USD,1,--,37.47,-9.63%,-5.44%,46.48%,104.93%,211.22%,23.25
LRCX,LAM RESEARCH,Information Technology,Equity,"$278,003,753",0.56,"278,003,753.34","874,941.00",317.74,United States,NASDAQ,USD,1,--,53.36,-9.27%,6.92%,71.70%,231.19%,350.44%,5.76
GE,GE AEROSPACE,Industrials,Equity,"$272,837,955",0.55,"272,837,954.88","723,171.00",377.28,United States,NYSE,USD,1,--,44.88,-0.37%,23.36%,17.62%,38.56%,311.47%,8.49
UNH,UNITEDHEALTH GROUP INC,Health Care,Equity,"$257,660,446",0.52,"257,660,445.90","632,218.00",407.55,United States,NYSE,USD,1,--,26.54,-2.50%,10.96%,21.15%,65.82%,-20.20%,15.55
PLTR,PALANTIR TECHNOLOGIES CLASS A,Information Technology,Equity,"$252,778,520",0.51,"252,778,519.80","1,554,030.00",162.66,United States,NASDAQ,USD,1,--,135.01,22.73%,21.58%,-3.10%,-9.40%,804.17%,1.17
CVX,CHEVRON CORP,Energy,Equity,"$247,387,862",0.49,"247,387,862.40","1,299,306.00",190.4,United States,NYSE,USD,1,--,17.87,13.27%,2.83%,22.13%,24.62%,19.08%,10.43
HD,HOME DEPOT,Consumer Discretionary,Equity,"$243,190,966",0.49,"243,190,966.32","698,343.00",348.24,United States,NYSE,USD,1,--,25.09,-0.69%,7.80%,0.70%,-9.97%,5.79%,14.08
PG,PROCTER & GAMBLE,Consumer Staples,Equity,"$241,701,514",0.48,"241,701,514.08","1,633,008.00",148.01,United States,NYSE,USD,1,--,21.47,-0.87%,0.07%,4.39%,-3.17%,-5.68%,6.62
KO,COCA-COLA,Consumer Staples,Equity,"$235,612,079",0.47,"235,612,078.56","2,721,951.00",86.56,United States,NYSE,USD,1,--,26.16,4.34%,9.25%,25.23%,24.53%,41.46%,3.32
MRK,MERCK & CO INC,Health Care,Equity,"$221,793,152",0.44,"221,793,152.00","1,732,759.00",128,United States,NYSE,USD,1,--,102.50,0.96%,12.72%,20.24%,61.13%,20.65%,1.25
NFLX,NETFLIX,Communication,Equity,"$216,210,900",0.43,"216,210,900.22","2,938,846.00",73.57,United States,NASDAQ,USD,1,--,23.38,-3.22%,-16.65%,-19.14%,-37.57%,66.90%,3.17
GS,GOLDMAN SACHS GROUP INC,Financials,Equity,"$212,454,510",0.42,"212,454,509.70","201,765.00","1,052.98",United States,NYSE,USD,1,--,16.36,-0.22%,12.34%,15.16%,45.29%,196.15%,64.80
PANW,PALO ALTO NETWORKS,Information Technology,Equity,"$206,738,118",0.41,"206,738,117.56","564,334.00",366.34,United States,NASDAQ,USD,1,--,298.62,2.46%,99.44%,104.24%,111.89%,240.40%,1.21
RTX,RTX CORP,Industrials,Equity,"$205,797,837",0.41,"205,797,836.90","944,330.00",217.93,United States,NYSE,USD,1,--,39.14,8.22%,23.31%,16.38%,39.92%,154.98%,5.68
PM,PHILIP MORRIS INTERNATIONAL INC,Consumer Staples,Equity,"$203,952,828",0.41,"203,952,827.62","1,091,182.00",186.91,United States,NYSE,USD,1,--,27.16,1.16%,9.61%,16.60%,11.93%,92.27%,6.96
GEV,GE VERNOVA INC,Industrials,Equity,"$191,766,791",0.38,"191,766,791.34","188,278.00","1,018.53",United States,NYSE,USD,1,--,29.10,-11.59%,-8.98%,49.88%,53.27%,,34.98
WFC,WELLS FARGO,Financials,Equity,"$189,562,785",0.38,"189,562,785.02","2,144,618.00",88.39,United States,NYSE,USD,1,--,12.95,1.07%,9.91%,-7.15%,13.89%,96.16%,6.88
TXN,TEXAS INSTRUMENT INC,Information Technology,Equity,"$180,566,232",0.36,"180,566,232.38","636,626.00",283.63,United States,NASDAQ,USD,1,--,42.24,-6.55%,-2.01%,59.77%,52.56%,67.87%,6.57
KLAC,KLA,Information Technology,Equity,"$178,856,686",0.36,"178,856,685.90","915,102.00",195.45,United States,NASDAQ,USD,1,--,52.68,-16.23%,7.61%,53.35%,120.03%,285.96%,3.66
ORCL,ORACLE,Information Technology,Equity,"$174,802,888",0.35,"174,802,887.84","1,199,416.00",145.74,United States,NYSE,USD,1,--,23.48,1.38%,-24.89%,-25.53%,-43.17%,25.53%,6.15
MS,MORGAN STANLEY,Financials,Equity,"$170,295,227",0.34,"170,295,227.04","784,626.00",217.04,United States,NYSE,USD,1,--,17.64,-2.28%,12.25%,19.32%,53.60%,143.65%,12.38
C,CITIGROUP INC,Financials,Equity,"$163,247,450",0.33,"163,247,449.53","1,192,719.00",136.87,United States,NYSE,USD,1,--,14.86,-4.86%,7.26%,15.31%,48.40%,198.65%,9.26
LIN,LINDE PLC,Materials,Equity,"$156,452,939",0.31,"156,452,938.72","322,823.00",484.64,United States,NASDAQ,USD,1,--,31.70,-10.34%,-3.43%,12.94%,2.79%,25.89%,15.49
IBM,INTERNATIONAL BUSINESS MACHINES CO,Information Technology,Equity,"$154,733,638",0.31,"154,733,638.15","658,021.00",235.15,United States,NYSE,USD,1,--,20.94,-21.49%,4.17%,-19.33%,-6.79%,60.86%,11.26
CRWD,CROWDSTRIKE HOLDINGS CLASS A,Information Technology,Equity,"$148,274,750",0.3,"148,274,750.24","701,992.00",211.22,United States,NASDAQ,USD,1,--,,5.94%,80.50%,86.26%,87.05%,459.67%,-0.03
AMGN,AMGEN INC,Health Care,Equity,"$147,384,268",0.29,"147,384,267.78","377,889.00",390.02,United States,NASDAQ,USD,1,--,25.33,6.43%,17.79%,19.04%,37.01%,54.19%,16.10
APH,AMPHENOL CORP CLASS A,Information Technology,Equity,"$147,115,074",0.29,"147,115,074.45","858,665.00",171.33,United States,NYSE,USD,1,--,43.12,2.71%,23.73%,22.63%,56.47%,285.53%,3.99
TMO,THERMO FISHER SCIENTIFIC INC,Health Care,Equity,"$147,001,601",0.29,"147,001,601.25","260,295.00",564.75,United States,NYSE,USD,1,--,31.11,9.11%,19.41%,-4.69%,25.80%,2.35%,18.58
SNDK,SANDISK,Information Technology,Equity,"$145,324,578",0.29,"145,324,577.90","101,795.00","1,427.62",United States,NASDAQ,USD,1,--,46.95,-18.16%,1.25%,418.68%,3291.02%,,73.76
ANET,ARISTA NETWORKS INC,Information Technology,Equity,"$139,142,217",0.28,"139,142,217.17","730,367.00",190.51,United States,NYSE,USD,1,--,62.22,9.94%,29.55%,42.60%,37.27%,325.06%,3.17
VZ,VERIZON COMMUNICATIONS INC,Communication,Equity,"$137,419,250",0.27,"137,419,250.24","2,931,298.00",46.88,United States,NYSE,USD,1,--,12.10,11.43%,-1.18%,15.70%,10.70%,44.11%,3.84
MRVL,MARVELL TECHNOLOGY,Information Technology,Equity,"$133,542,970",0.27,"133,542,970.11","610,929.00",218.59,United States,NASDAQ,USD,1,--,72.28,-12.31%,26.98%,144.54%,190.22%,243.97%,2.92
MCD,MCDONALDS CORP,Consumer Discretionary,Equity,"$133,425,357",0.27,"133,425,356.50","497,225.00",268.34,United States,NYSE,USD,1,--,22.25,-3.99%,-5.55%,-11.51%,-12.78%,-7.91%,12.31
PEP,PEPSICO INC,Consumer Staples,Equity,"$132,923,821",0.27,"132,923,820.90","955,599.00",139.1,United States,NASDAQ,USD,1,--,18.21,-2.92%,-10.81%,-2.20%,-1.21%,-25.57%,7.62
ADI,ANALOG DEVICES,Information Technology,Equity,"$129,968,671",0.26,"129,968,670.98","341,762.00",380.29,United States,NASDAQ,USD,1,--,56.13,-2.20%,-8.50%,38.92%,72.32%,100.05%,6.73
WDC,WESTERN DIGITAL CORP,Information Technology,Equity,"$129,830,987",0.26,"129,830,986.56","236,676.00",548.56,United States,NASDAQ,USD,1,--,31.01,-5.00%,13.54%,192.25%,643.51%,1568.37%,24.28
AXP,AMERICAN EXPRESS,Financials,Equity,"$128,894,990",0.26,"128,894,989.86","371,766.00",346.71,United States,NYSE,USD,1,--,21.19,-2.62%,7.71%,-6.98%,17.31%,107.66%,16.47
ABT,ABBOTT LABORATORIES,Health Care,Equity,"$127,957,782",0.26,"127,957,781.80","1,213,330.00",105.46,United States,NYSE,USD,1,--,34.03,10.28%,22.20%,-15.08%,-19.45%,-2.76%,3.11
NEE,NEXTERA ENERGY,Utilities,Equity,"$127,460,938",0.25,"127,460,937.60","1,461,708.00",87.2,United States,NYSE,USD,1,--,19.28,-0.27%,-8.59%,7.75%,23.62%,27.04%,4.46
BA,BOEING,Industrials,Equity,"$126,249,992",0.25,"126,249,991.56","532,341.00",237.16,United States,NYSE,USD,1,--,95.39,1.12%,3.14%,4.12%,5.39%,-0.46%,2.52
UNP,UNION PACIFIC,Industrials,Equity,"$123,184,101",0.25,"123,184,100.85","415,671.00",296.35,United States,NYSE,USD,1,--,23.93,4.87%,10.48%,27.79%,31.44%,29.02%,12.35
TJX,TJX,Consumer Discretionary,Equity,"$122,063,280",0.24,"122,063,280.45","774,759.00",157.55,United States,NYSE,USD,1,--,31.07,4.12%,1.35%,2.12%,19.27%,82.58%,5.15
DIS,WALT DISNEY,Communication,Equity,"$121,983,054",0.24,"121,983,053.74","1,242,443.00",98.18,United States,NYSE,USD,1,--,16.28,0.79%,-9.14%,-12.22%,-14.75%,13.07%,6.25
SCHW,CHARLES SCHWAB,Financials,Equity,"$121,726,721",0.24,"121,726,721.10","1,144,586.00",106.35,United States,NYSE,USD,1,--,19.64,5.69%,15.41%,4.71%,9.97%,61.21%,5.50
ETN,EATON PLC,Industrials,Equity,"$121,066,394",0.24,"121,066,394.00","272,200.00",444.77,United States,NYSE,USD,1,--,45.52,7.58%,5.55%,35.89%,24.18%,101.17%,9.83
BLK,BLACKROCK,Financials,Equity,"$120,701,751",0.24,"120,701,751.17","106,709.00","1,131.13",United States,NYSE,USD,1,--,28.44,11.86%,5.36%,4.25%,0.95%,58.74%,39.86
QCOM,QUALCOMM,Information Technology,Equity,"$120,202,068",0.24,"120,202,068.44","738,932.00",162.67,United States,NASDAQ,USD,1,--,18.23,-12.77%,-15.53%,-5.96%,11.54%,36.31%,8.64
GILD,GILEAD SCIENCES INC,Health Care,Equity,"$117,684,542",0.24,"117,684,541.50","870,126.00",135.25,United States,NASDAQ,USD,1,--,,4.35%,-0.77%,11.23%,22.64%,67.66%,-2.66
WELL,WELLTOWER,Real Estate,Equity,"$114,665,359",0.23,"114,665,359.05","495,165.00",231.57,United States,NYSE,USD,1,--,108.20,-0.48%,6.98%,23.87%,37.06%,173.11%,2.19
T,AT&T INC,Communication,Equity,"$110,937,936",0.22,"110,937,936.34","4,744,993.00",23.38,United States,NYSE,USD,1,--,7.62,13.61%,-8.56%,-4.80%,-14.95%,66.88%,3.02
DE,DEERE,Industrials,Equity,"$106,633,999",0.21,"106,633,998.51","172,723.00",617.37,United States,NYSE,USD,1,--,34.68,-2.81%,4.35%,32.26%,21.14%,43.14%,17.65
CRM,SALESFORCE,Information Technology,Equity,"$106,355,455",0.21,"106,355,455.36","556,864.00",190.99,United States,NYSE,USD,1,--,22.33,15.30%,5.41%,-24.69%,-23.35%,-11.60%,8.64
BKNG,BOOKING HOLDINGS,Consumer Discretionary,Equity,"$105,352,621",0.21,"105,352,621.00","542,300.00",194.27,United States,NASDAQ,USD,1,--,27.22,7.31%,15.42%,-8.76%,-12.27%,49.76%,9.04
PFE,PFIZER,Health Care,Equity,"$101,363,819",0.2,"101,363,818.71","3,989,131.00",25.41,United States,NYSE,USD,1,--,19.72,7.12%,-4.22%,0.91%,6.18%,-28.78%,0.76
COP,CONOCOPHILLIPS,Energy,Equity,"$100,759,562",0.2,"100,759,562.26","854,329.00",117.94,United States,NYSE,USD,1,--,19.56,13.86%,-0.81%,21.96%,26.67%,3.02%,5.88
UBER,UBER TECHNOLOGIES,Industrials,Equity,"$98,794,613",0.2,"98,794,612.62","1,372,338.00",71.99,United States,NYSE,USD,1,--,16.94,-0.59%,-9.07%,-13.12%,-19.31%,60.16%,4.56
DELL,DELL TECHNOLOGIES INC CLASS C,Information Technology,Equity,"$98,558,925",0.2,"98,558,924.75","210,925.00",467.27,United States,NYSE,USD,1,--,36.74,13.47%,95.67%,265.63%,264.66%,756.28%,12.59
COF,CAPITAL ONE FINANCIAL CORP,Financials,Equity,"$96,755,201",0.19,"96,755,201.01","436,011.00",221.91,United States,NYSE,USD,1,--,13.72,7.46%,14.74%,-10.49%,4.24%,92.51%,16.15
BMY,BRISTOL MYERS SQUIBB,Health Care,Equity,"$94,286,482",0.19,"94,286,481.52","1,430,968.00",65.89,United States,NYSE,USD,1,--,14.02,16.21%,16.43%,23.25%,47.01%,8.96%,4.54
CVS,CVS HEALTH,Health Care,Equity,"$93,902,609",0.19,"93,902,608.76","899,278.00",104.42,United States,NYSE,USD,1,--,43.84,2.29%,20.22%,30.31%,64.39%,41.28%,2.26
ISRG,INTUITIVE SURGICAL INC,Health Care,Equity,"$90,979,132",0.18,"90,979,131.72","247,048.00",368.26,United States,NASDAQ,USD,1,--,43.00,-14.92%,-18.48%,-34.47%,-22.32%,19.09%,8.73
PLD,PROLOGIS REIT,Real Estate,Equity,"$90,802,709",0.18,"90,802,709.10","653,022.00",139.05,United States,NYSE,USD,1,--,31.36,-0.82%,-2.69%,7.75%,31.51%,11.75%,4.49
GLW,CORNING,Information Technology,Equity,"$88,423,487",0.18,"88,423,487.03","553,027.00",159.89,United States,NYSE,USD,1,--,71.95,-17.92%,-11.94%,76.34%,149.91%,382.91%,2.18
PH,PARKER-HANNIFIN CORP,Industrials,Equity,"$87,828,679",0.18,"87,828,679.35","88,479.00",992.65,United States,NYSE,USD,1,--,36.78,2.19%,9.97%,11.04%,42.39%,133.59%,27.10
DHR,DANAHER CORP,Health Care,Equity,"$86,265,140",0.17,"86,265,140.30","442,885.00",194.78,United States,NYSE,USD,1,--,35.45,0.60%,11.35%,-15.46%,-0.20%,-14.05%,5.63
PGR,PROGRESSIVE CORP,Financials,Equity,"$86,033,419",0.17,"86,033,418.75","408,225.00",210.75,United States,NYSE,USD,1,--,10.67,-9.03%,7.09%,-0.65%,-14.86%,65.09%,19.93
CB,CHUBB,Financials,Equity,"$85,892,173",0.17,"85,892,173.20","246,604.00",348.3,United States,NYSE,USD,1,--,12.48,-2.31%,8.20%,12.33%,29.18%,71.56%,28.26
SPGI,S&P GLOBAL INC,Financials,Equity,"$85,555,422",0.17,"85,555,421.76","207,392.00",412.53,United States,NYSE,USD,1,--,24.97,-7.76%,2.97%,-14.92%,-22.47%,11.72%,16.42
LOW,LOWES COMPANIES INC,Consumer Discretionary,Equity,"$85,444,398",0.17,"85,444,398.24","391,803.00",218.08,United States,NYSE,USD,1,--,18.60,-2.55%,-6.55%,-11.67%,-8.48%,-2.34%,11.83
VRTX,VERTEX PHARMACEUTICALS,Health Care,Equity,"$85,299,487",0.17,"85,299,486.54","178,188.00",478.7,United States,NASDAQ,USD,1,--,28.21,-9.61%,11.94%,5.88%,24.13%,38.63%,17.19
NOW,SERVICENOW INC,Information Technology,Equity,"$84,726,582",0.17,"84,726,581.94","717,171.00",118.14,United States,NYSE,USD,1,--,73.19,9.46%,32.67%,-19.88%,-35.25%,6.45%,1.60
SBUX,STARBUCKS CORP,Consumer Discretionary,Equity,"$83,939,365",0.17,"83,939,365.47","799,651.00",104.97,United States,NASDAQ,USD,1,--,61.12,2.80%,-1.38%,25.01%,17.96%,3.17%,1.73
LMT,LOCKHEED MARTIN CORP,Industrials,Equity,"$83,655,394",0.17,"83,655,393.50","141,950.00",589.33,United States,NYSE,USD,1,--,21.28,9.54%,14.60%,18.56%,35.52%,31.03%,27.14
SYK,STRYKER,Health Care,Equity,"$81,430,993",0.16,"81,430,992.68","242,383.00",335.96,United States,NYSE,USD,1,--,34.92,3.46%,14.92%,-3.51%,-10.40%,17.36%,9.65
HWM,HOWMET AEROSPACE,Industrials,Equity,"$80,173,782",0.16,"80,173,781.60","278,188.00",288.2,United States,NYSE,USD,1,--,67.68,3.70%,12.39%,36.13%,58.30%,471.26%,4.31
MO,ALTRIA GROUP INC,Consumer Staples,Equity,"$79,508,959",0.16,"79,508,959.29","1,168,047.00",68.07,United States,NYSE,USD,1,--,14.41,-5.30%,-2.99%,18.78%,7.79%,54.28%,4.75
MDT,MEDTRONIC PLC,Health Care,Equity,"$77,266,232",0.15,"77,266,232.00","896,360.00",86.2,United States,NYSE,USD,1,--,23.07,3.78%,11.08%,-10.26%,-3.54%,1.75%,3.73
ADP,AUTOMATIC DATA PROCESSING INC,Industrials,Equity,"$75,814,734",0.15,"75,814,734.24","280,152.00",270.62,United States,NASDAQ,USD,1,--,24.68,13.00%,30.61%,7.02%,-10.28%,7.89%,10.94
BNY,BANK OF NEW YORK MELLON CORP,Financials,Equity,"$75,173,862",0.15,"75,173,862.48","479,364.00",156.82,United States,NYSE,USD,1,--,17.00,4.57%,17.35%,33.99%,53.31%,238.48%,8.07
SNOW,SNOWFLAKE,Information Technology,Equity,"$74,399,136",0.15,"74,399,136.36","234,868.00",316.77,United States,NYSE,USD,1,--,,20.86%,126.69%,46.17%,50.46%,90.06%,-3.51
SO,SOUTHERN,Utilities,Equity,"$73,540,027",0.15,"73,540,027.25","788,633.00",93.25,United States,NYSE,USD,1,--,22.45,-2.85%,-0.28%,6.96%,-1.51%,37.09%,4.15
ACN,ACCENTURE PLC CLASS A,Information Technology,Equity,"$73,359,037",0.15,"73,359,037.05","430,435.00",170.43,United States,NYSE,USD,1,--,13.64,24.44%,-2.37%,-34.44%,-31.15%,-46.04%,12.52
TT,TRANE TECHNOLOGIES PLC,Industrials,Equity,"$73,175,477",0.15,"73,175,476.96","154,954.00",472.24,United States,NYSE,USD,1,--,36.63,-3.08%,-3.27%,18.65%,10.59%,126.66%,13.20
NEM,NEWMONT,Materials,Equity,"$73,147,778",0.15,"73,147,777.64","748,468.00",97.73,United States,NYSE,USD,1,--,13.17,-0.48%,-15.09%,-3.45%,43.89%,141.43%,7.92
ADBE,ADOBE INC,Information Technology,Equity,"$72,962,109",0.15,"72,962,108.91","283,359.00",257.49,United States,NASDAQ,USD,1,--,14.84,18.08%,2.93%,-22.75%,-25.50%,-51.39%,17.47
EQIX,EQUINIX REIT,Real Estate,Equity,"$72,445,159",0.14,"72,445,159.35","68,895.00","1,051.53",United States,NASDAQ,USD,1,--,67.97,5.28%,-3.35%,37.62%,36.03%,35.81%,15.54
VRT,VERTIV HOLDINGS CLASS A,Industrials,Equity,"$72,424,109",0.14,"72,424,108.51","268,307.00",269.93,United States,NYSE,USD,1,--,62.90,-15.24%,-24.79%,53.71%,93.15%,655.68%,4.42
PWR,QUANTA SERVICES INC,Industrials,Equity,"$72,342,963",0.14,"72,342,963.00","104,391.00",693,United States,NYSE,USD,1,--,78.23,2.81%,-11.75%,57.61%,78.84%,242.87%,8.73
BX,BLACKSTONE,Financials,Equity,"$71,655,581",0.14,"71,655,581.20","522,271.00",137.2,United States,NYSE,USD,1,--,30.52,11.17%,10.03%,-13.60%,-18.98%,32.01%,4.46
PNC,PNC FINANCIAL SERVICES GROUP,Financials,Equity,"$71,576,498",0.14,"71,576,497.88","281,642.00",254.14,United States,NYSE,USD,1,--,14.04,0.38%,14.26%,20.18%,34.78%,91.95%,18.19
FTNT,FORTINET,Information Technology,Equity,"$71,552,532",0.14,"71,552,532.46","425,174.00",168.29,United States,NASDAQ,USD,1,--,57.83,3.66%,87.09%,116.09%,74.25%,191.66%,2.84
MCK,MCKESSON CORP,Health Care,Equity,"$71,180,307",0.14,"71,180,307.45","85,715.00",830.43,United States,NYSE,USD,1,--,22.86,5.89%,11.67%,0.85%,18.00%,96.68%,38.37
APP,APPLOVIN CLASS A,Communication,Equity,"$70,645,163",0.14,"70,645,163.10","168,323.00",419.7,United States,NASDAQ,USD,1,--,35.87,-22.82%,-10.48%,-32.12%,7.46%,1263.55%,11.65
USB,US BANCORP,Financials,Equity,"$70,110,064",0.14,"70,110,063.81","1,091,547.00",64.23,United States,NYSE,USD,1,--,12.81,2.23%,14.37%,19.10%,44.53%,60.09%,5.01
GD,GENERAL DYNAMICS CORP,Industrials,Equity,"$69,251,635",0.14,"69,251,635.20","179,520.00",385.76,United States,NYSE,USD,1,--,23.43,2.36%,11.08%,12.34%,22.47%,69.80%,16.39
DUK,DUKE ENERGY CORP,Utilities,Equity,"$67,905,229",0.14,"67,905,228.91","546,433.00",124.27,United States,NYSE,USD,1,--,18.88,-1.35%,-1.01%,5.82%,-0.75%,38.60%,6.67
FCX,FREEPORT MCMORAN INC,Materials,Equity,"$67,554,731",0.14,"67,554,730.50","1,003,785.00",67.3,United States,NYSE,USD,1,--,34.09,10.33%,10.53%,29.60%,68.84%,59.14%,2.04
NET,CLOUDFLARE CLASS A,Information Technology,Equity,"$66,864,223",0.13,"66,864,223.01","221,897.00",301.33,United States,NYSE,USD,1,--,,21.72%,21.22%,53.72%,39.81%,344.51%,-0.25
CME,CME GROUP CLASS A,Financials,Equity,"$66,676,767",0.13,"66,676,767.03","253,881.00",262.63,United States,NASDAQ,USD,1,--,22.38,11.87%,-8.92%,-2.61%,-6.65%,26.05%,11.83
CSX,CSX,Industrials,Equity,"$66,477,597",0.13,"66,477,597.48","1,302,716.00",51.03,United States,NASDAQ,USD,1,--,29.54,4.55%,11.91%,40.69%,41.71%,60.57%,1.73
MMM,3M,Industrials,Equity,"$66,467,857",0.13,"66,467,856.75","366,315.00",181.45,United States,NYSE,USD,1,--,32.33,14.01%,23.82%,12.13%,20.31%,106.24%,5.63
DDOG,DATADOG INC CLASS A,Information Technology,Equity,"$66,139,646",0.13,"66,139,645.80","229,532.00",288.15,United States,NASDAQ,USD,1,--,691.69,12.84%,100.51%,115.41%,110.39%,171.07%,0.41
CDNS,CADENCE DESIGN SYSTEMS,Information Technology,Equity,"$65,866,371",0.13,"65,866,370.64","193,372.00",340.62,United States,NASDAQ,USD,1,--,67.06,-9.35%,-4.02%,9.74%,-5.43%,46.54%,5.03
JCI,JOHNSON CONTROLS INTERNATIONAL PLC,Industrials,Equity,"$65,719,558",0.13,"65,719,557.72","427,806.00",153.62,United States,NYSE,USD,1,--,26.70,7.64%,7.32%,25.60%,46.77%,145.52%,5.75
MRSH,MARSH INC,Financials,Equity,"$64,776,150",0.13,"64,776,150.25","338,345.00",191.45,United States,NYSE,USD,1,--,21.91,9.57%,16.81%,4.92%,-6.11%,-0.31%,8.34
MPC,MARATHON PETROLEUM,Energy,Equity,"$64,516,139",0.13,"64,516,139.19","206,379.00",312.61,United States,NYSE,USD,1,--,10.25,16.22%,27.19%,89.30%,92.45%,123.29%,29.05
VLO,VALERO ENERGY CORP,Energy,Equity,"$64,078,764",0.13,"64,078,763.88","207,556.00",308.73,United States,NYSE,USD,1,--,12.54,14.21%,30.44%,86.76%,131.33%,138.79%,24.11
EMR,EMERSON ELECTRIC,Industrials,Equity,"$62,630,294",0.13,"62,630,294.32","394,298.00",158.84,United States,NYSE,USD,1,--,37.51,12.21%,7.33%,16.95%,18.60%,63.38%,4.57
CMCSA,COMCAST CLASS A,Communication,Equity,"$61,760,959",0.12,"61,760,958.75","2,477,375.00",24.93,United States,NASDAQ,USD,1,--,8.01,6.63%,-5.71%,-9.90%,-17.26%,-41.45%,3.09
CMI,CUMMINS INC,Industrials,Equity,"$61,621,344",0.12,"61,621,344.20","96,895.00",635.96,United States,NYSE,USD,1,--,33.75,-6.23%,-11.15%,21.82%,66.62%,168.07%,19.57
INTU,INTUIT,Information Technology,Equity,"$61,198,261",0.12,"61,198,261.20","189,117.00",323.6,United States,NASDAQ,USD,1,--,19.86,18.91%,-16.72%,-48.59%,-58.48%,-35.95%,16.51
WMB,WILLIAMS,Energy,Equity,"$60,928,594",0.12,"60,928,593.79","852,029.00",71.51,United States,NYSE,USD,1,--,28.68,-1.80%,-3.05%,17.52%,21.95%,107.46%,2.50
TMUS,T MOBILE US INC,Communication,Equity,"$60,363,574",0.12,"60,363,573.93","340,633.00",177.21,United States,NASDAQ,USD,1,--,18.14,-2.52%,-8.26%,-11.21%,-25.92%,29.68%,9.56
CEG,CONSTELLATION ENERGY CORP,Utilities,Equity,"$59,894,467",0.12,"59,894,466.50","224,114.00",267.25,United States,NASDAQ,USD,1,--,23.03,8.70%,-17.20%,-27.03%,-21.04%,157.59%,11.51
ITW,ILLINOIS TOOL INC,Industrials,Equity,"$59,569,368",0.12,"59,569,368.34","201,889.00",295.06,United States,NYSE,USD,1,--,26.95,7.58%,13.26%,18.26%,14.58%,18.15%,11.03
ICE,INTERCONTINENTAL EXCHANGE INC,Financials,Equity,"$58,594,719",0.12,"58,594,719.20","392,726.00",149.2,United States,NYSE,USD,1,--,21.16,10.59%,-2.74%,-6.74%,-20.66%,28.54%,7.08
WM,WASTE MANAGEMENT INC,Industrials,Equity,"$58,585,723",0.12,"58,585,723.00","260,092.00",225.25,United States,NYSE,USD,1,--,31.76,-1.63%,2.14%,3.14%,-2.74%,39.69%,7.06
SHW,SHERWIN WILLIAMS,Materials,Equity,"$58,521,551",0.12,"58,521,550.78","161,854.00",361.57,United States,NYSE,USD,1,--,34.08,3.56%,11.72%,10.29%,3.09%,31.81%,10.85
PSX,PHILLIPS 66,Energy,Equity,"$57,683,790",0.12,"57,683,789.52","280,168.00",205.89,United States,NYSE,USD,1,--,20.07,16.11%,19.90%,57.69%,71.80%,84.75%,10.09
RCL,ROYAL CARIBBEAN GROUP,Consumer Discretionary,Equity,"$57,488,875",0.11,"57,488,875.38","176,487.00",325.74,United States,NYSE,USD,1,--,20.20,13.19%,13.47%,15.00%,3.73%,201.44%,16.21
ELV,ELEVANCE HEALTH INC,Health Care,Equity,"$57,347,892",0.11,"57,347,892.00","151,714.00",378,United States,NYSE,USD,1,--,,-7.39%,0.88%,6.70%,36.81%,-19.71%,
AMT,AMERICAN TOWER REIT,Real Estate,Equity,"$57,079,626",0.11,"57,079,626.00","325,704.00",175.25,United States,NYSE,USD,1,--,23.11,8.11%,-2.73%,0.26%,-16.11%,-4.51%,7.27
UPS,UNITED PARCEL SERVICE INC CLASS B,Industrials,Equity,"$56,989,899",0.11,"56,989,898.76","522,316.00",109.11,United States,NYSE,USD,1,--,20.05,-0.83%,9.23%,8.01%,26.50%,-40.10%,5.37
TRV,TRAVELERS COMPANIES,Financials,Equity,"$55,875,904",0.11,"55,875,903.95","148,153.00",377.15,United States,NYSE,USD,1,--,10.24,11.20%,25.05%,32.25%,40.95%,121.70%,37.36
MDLZ,MONDELEZ INTERNATIONAL INC CLASS A,Consumer Staples,Equity,"$55,693,210",0.11,"55,693,209.60","897,120.00",62.08,United States,NASDAQ,USD,1,--,22.96,4.92%,0.34%,15.71%,0.02%,-16.40%,2.73
GM,GENERAL MOTORS,Consumer Discretionary,Equity,"$55,642,100",0.11,"55,642,099.87","630,077.00",88.31,United States,NYSE,USD,1,--,44.97,13.44%,12.21%,9.05%,68.31%,138.10%,1.98
ROST,ROSS STORES INC,Consumer Discretionary,Equity,"$55,428,023",0.11,"55,428,022.56","220,776.00",251.06,United States,NASDAQ,USD,1,--,35.30,18.78%,9.68%,37.39%,71.31%,121.28%,7.17
HON,HONEYWELL INTERNATIONAL INC,Industrials,Equity,"$55,214,711",0.11,"55,214,711.07","221,933.00",248.79,United States,NASDAQ,USD,1,--,9.63,7.62%,9.44%,21.17%,14.91%,32.87%,25.76
REGN,REGENERON PHARMACEUTICALS,Health Care,Equity,"$53,981,758",0.11,"53,981,758.22","70,967.00",760.66,United States,NASDAQ,USD,1,--,19.00,17.06%,5.49%,-2.02%,37.02%,-1.82%,40.45
EOG,EOG RESOURCES,Energy,Equity,"$53,704,466",0.11,"53,704,466.40","374,195.00",143.52,United States,NYSE,USD,1,--,13.20,10.92%,6.56%,33.79%,23.10%,12.45%,12.85
NSC,NORFOLK SOUTHERN CORP,Industrials,Equity,"$53,646,620",0.11,"53,646,620.19","157,197.00",341.27,United States,NYSE,USD,1,--,29.18,6.02%,7.57%,18.57%,20.61%,52.16%,11.71
ORLY,OREILLY AUTOMOTIVE INC,Consumer Discretionary,Equity,"$53,258,278",0.11,"53,258,277.78","579,966.00",91.83,United States,NASDAQ,USD,1,"Jan 01, 1970",29.71,9.01%,-3.11%,1.65%,-12.07%,47.83%,3.14
SLB,SLB NV,Energy,Equity,"$53,088,016",0.11,"53,088,015.54","1,044,834.00",50.81,United States,NYSE,USD,1,--,24.20,11.13%,-7.89%,26.39%,54.63%,-12.35%,2.06
SPOT,SPOTIFY TECHNOLOGY,Communication,Equity,"$53,005,623",0.11,"53,005,622.67","110,851.00",478.17,Sweden,NYSE,USD,1,--,32.63,-1.00%,12.44%,-16.84%,-28.29%,236.76%,18.30
DASH,DOORDASH CLASS A,Consumer Discretionary,Equity,"$52,994,227",0.11,"52,994,227.16","261,868.00",202.37,United States,NASDAQ,USD,1,--,98.73,7.38%,20.48%,-7.93%,-21.59%,139.89%,2.10
MAR,MARRIOTT INTERNATIONAL CLASS A,Consumer Discretionary,Equity,"$52,851,846",0.11,"52,851,846.00","153,105.00",345.2,United States,NASDAQ,USD,1,--,37.45,-9.10%,-3.86%,10.14%,31.40%,68.64%,9.65
SNPS,SYNOPSYS,Information Technology,Equity,"$52,571,668",0.11,"52,571,667.78","130,173.00",403.86,United States,NASDAQ,USD,1,--,92.89,-8.68%,-19.94%,-15.94%,-35.47%,-9.04%,4.31
AON,AON PLC CLASS A,Financials,Equity,"$51,870,106",0.1,"51,870,106.05","145,437.00",356.65,United States,NYSE,USD,1,--,19.85,-0.07%,15.69%,3.60%,-1.93%,12.06%,18.14
KKR,KKR AND CO INC,Financials,Equity,"$51,846,549",0.1,"51,846,549.09","479,129.00",108.21,United States,NYSE,USD,1,--,33.68,12.75%,7.36%,-16.05%,-25.15%,75.07%,3.14
NOC,NORTHROP GRUMMAN CORP,Industrials,Equity,"$51,493,811",0.1,"51,493,811.10","93,362.00",551.55,United States,NYSE,USD,1,--,17.71,0.69%,-1.44%,-5.82%,-6.40%,26.31%,31.47
CL,COLGATE-PALMOLIVE,Consumer Staples,Equity,"$51,438,260",0.1,"51,438,259.77","555,909.00",92.53,United States,NYSE,USD,1,--,36.90,-0.92%,4.96%,19.10%,9.36%,20.33%,2.53
MSI,MOTOROLA SOLUTIONS INC,Information Technology,Equity,"$51,342,258",0.1,"51,342,257.60","115,936.00",442.85,United States,NYSE,USD,1,--,35.34,4.73%,2.12%,16.23%,0.17%,57.93%,12.40
BSX,BOSTON SCIENTIFIC CORP,Health Care,Equity,"$50,867,009",0.1,"50,867,008.91","1,036,199.00",49.09,United States,NYSE,USD,1,--,19.36,10.07%,-12.34%,-48.17%,-52.32%,-3.23%,2.47
MCO,MOODYS CORP,Financials,Equity,"$50,740,369",0.1,"50,740,368.69","104,907.00",483.67,United States,NYSE,USD,1,--,30.70,-3.03%,7.81%,-3.07%,-6.53%,41.25%,15.76
SPG,SIMON PROPERTY GROUP REIT INC,Real Estate,Equity,"$50,454,991",0.1,"50,454,990.90","223,351.00",225.9,United States,NYSE,USD,1,--,15.63,0.40%,9.92%,22.79%,34.84%,88.78%,14.38
HOOD,ROBINHOOD MARKETS CLASS A,Financials,Equity,"$50,287,340",0.1,"50,287,340.25","537,775.00",93.51,United States,NASDAQ,USD,1,--,40.56,-20.45%,18.29%,-18.84%,-11.49%,724.60%,2.29
URI,UNITED RENTALS,Industrials,Equity,"$50,173,271",0.1,"50,173,271.12","43,624.00","1,150.13",United States,NYSE,USD,1,--,27.94,4.59%,19.25%,36.10%,33.54%,136.38%,41.60
CI,CIGNA,Health Care,Equity,"$50,005,355",0.1,"50,005,355.40","182,468.00",274.05,United States,NYSE,USD,1,--,11.21,-2.81%,-2.81%,-1.82%,1.52%,-6.09%,24.13
TDG,TRANSDIGM GROUP,Industrials,Equity,"$49,988,335",0.1,"49,988,335.25","39,205.00","1,275.05",United States,NYSE,USD,1,--,39.16,-5.28%,3.38%,-6.15%,-9.00%,39.47%,32.96
PCAR,PACCAR INC,Industrials,Equity,"$49,081,696",0.1,"49,081,695.96","361,001.00",135.96,United States,NASDAQ,USD,1,--,28.07,7.98%,16.69%,21.87%,39.63%,60.63%,4.75
ECL,ECOLAB,Materials,Equity,"$49,076,373",0.1,"49,076,373.06","173,329.00",283.14,United States,NYSE,USD,1,--,38.32,-0.20%,7.49%,7.81%,5.34%,53.46%,7.45
DLR,DIGITAL REALTY TRUST REIT,Real Estate,Equity,"$49,077,437",0.1,"49,077,436.80","253,120.00",193.89,United States,NYSE,USD,1,--,91.90,11.62%,-2.90%,25.07%,14.40%,60.39%,2.12
AEP,AMERICAN ELECTRIC POWER INC,Utilities,Equity,"$48,899,168",0.1,"48,899,168.05","380,983.00",128.35,United States,NASDAQ,USD,1,--,21.90,-5.61%,-3.18%,10.83%,13.09%,58.69%,5.78
HLT,HILTON WORLDWIDE HOLDINGS INC,Consumer Discretionary,Equity,"$48,665,756",0.1,"48,665,756.15","155,945.00",312.07,United States,NYSE,USD,1,--,47.65,-8.06%,-2.94%,6.52%,19.59%,103.33%,6.81
CTAS,CINTAS,Industrials,Equity,"$48,526,537",0.1,"48,526,536.60","238,284.00",203.65,United States,NASDAQ,USD,1,--,41.03,14.26%,20.25%,10.15%,-9.20%,64.77%,4.91
HPE,HEWLETT PACKARD ENTERPRISE,Information Technology,Equity,"$48,483,487",0.1,"48,483,487.26","925,434.00",52.39,United States,NYSE,USD,1,--,49.65,21.41%,72.51%,116.76%,160.26%,198.52%,1.07
HONA,HONEYWELL AEROSPACE INC,Industrials,Equity,"$48,096,228",0.1,"48,096,227.52","222,174.00",216.48,United States,NASDAQ,USD,1,--,25.37,-8.93%,,,,,8.03
FDX,FEDEX CORP,Industrials,Equity,"$47,937,573",0.1,"47,937,573.26","152,989.00",313.34,United States,NYSE,USD,1,--,16.78,1.10%,3.16%,32.74%,71.83%,47.19%,18.52
ALL,ALLSTATE CORP,Financials,Equity,"$47,063,092",0.09,"47,063,092.32","179,247.00",262.56,United States,NYSE,USD,1,--,5.84,5.71%,20.48%,28.82%,25.62%,137.10%,45.31
TGT,TARGET CORP,Consumer Staples,Equity,"$46,978,715",0.09,"46,978,714.68","317,188.00",148.11,United States,NYSE,USD,1,--,19.50,17.45%,13.76%,47.36%,40.54%,12.26%,7.57
MNST,MONSTER BEVERAGE,Consumer Staples,Equity,"$46,425,466",0.09,"46,425,465.92","492,944.00",94.18,United States,NASDAQ,USD,1,--,45.84,-3.28%,21.99%,23.66%,58.29%,61.02%,2.06
SPCX,SPACE EXPLORATION TECHNOLOGIES COR,Communication,Equity,"$46,337,634",0.09,"46,337,634.25","369,725.00",125.33,United States,NASDAQ,USD,1,--,,-21.87%,,,,,-0.68
CRH,CRH PUBLIC LIMITED PLC,Materials,Equity,"$46,175,577",0.09,"46,175,577.00","467,175.00",98.84,United States,NYSE,USD,1,--,17.53,-8.12%,-13.98%,-21.83%,1.27%,64.62%,5.71
TFC,TRUIST FINANCIAL,Financials,Equity,"$45,870,388",0.09,"45,870,388.22","871,067.00",52.66,United States,NYSE,USD,1,--,12.13,2.41%,3.66%,5.87%,22.44%,61.53%,4.36
APD,AIR PRODUCTS AND CHEMICALS,Materials,Equity,"$45,101,240",0.09,"45,101,239.56","153,036.00",294.71,United States,NYSE,USD,1,--,,-4.58%,-1.83%,17.66%,1.96%,2.58%,-0.22
AJG,ARTHUR J GALLAGHER,Financials,Equity,"$44,419,856",0.09,"44,419,856.14","179,069.00",248.06,United States,NYSE,USD,1,--,41.50,-0.68%,25.98%,-3.10%,-13.34%,10.71%,6.05
TER,TERADYNE,Information Technology,Equity,"$44,167,624",0.09,"44,167,624.20","109,445.00",403.56,United States,NASDAQ,USD,1,--,53.42,6.33%,5.51%,94.43%,284.78%,270.51%,7.29
MPWR,MONOLITHIC POWER SYSTEMS INC,Information Technology,Equity,"$44,106,721",0.09,"44,106,721.14","33,038.00","1,335.03",United States,NASDAQ,USD,1,--,81.88,-0.82%,-19.20%,42.58%,65.67%,146.44%,16.43
WBD,WARNER BROS. DISCOVERY SERIES A,Communication,Equity,"$43,359,025",0.09,"43,359,024.86","1,681,234.00",25.79,United States,NASDAQ,USD,1,--,,-1.26%,-5.18%,-9.54%,101.64%,78.23%,-0.70
ABNB,AIRBNB CLASS A,Consumer Discretionary,Equity,"$43,322,532",0.09,"43,322,532.32","288,971.00",149.92,United States,NASDAQ,USD,1,--,37.58,1.54%,7.18%,12.71%,14.88%,4.69%,4.06
FIX,COMFORT SYSTEMS USA,Industrials,Equity,"$43,254,622",0.09,"43,254,622.02","24,357.00","1,775.86",United States,NYSE,USD,1,--,42.74,-0.96%,-11.71%,76.94%,157.20%,880.33%,40.65
BKR,BAKER HUGHES CLASS A,Energy,Equity,"$43,085,750",0.09,"43,085,749.83","697,971.00",61.73,United States,NASDAQ,USD,1,--,19.82,15.92%,-7.41%,30.95%,42.14%,73.45%,3.11
BE,BLOOM ENERGY CLASS A,Industrials,Equity,"$42,784,540",0.09,"42,784,539.71","187,561.00",228.11,United States,NYSE,USD,1,--,,-22.69%,-20.09%,131.14%,487.00%,1351.08%,-0.05
KMI,KINDER MORGAN,Energy,Equity,"$42,642,313",0.09,"42,642,313.38","1,358,901.00",31.38,United States,NYSE,USD,1,--,20.07,-0.98%,-0.63%,13.24%,17.31%,80.55%,1.55
D,DOMINION ENERGY INC,Utilities,Equity,"$42,563,516",0.09,"42,563,516.44","614,902.00",69.22,United States,NYSE,USD,1,--,23.74,-0.06%,12.30%,16.85%,13.53%,40.86%,2.88
LITE,LUMENTUM HOLDINGS,Information Technology,Equity,"$42,473,500",0.08,"42,473,500.00","50,000.00",849.47,United States,NASDAQ,USD,1,--,153.35,16.17%,-10.04%,120.01%,672.18%,1522.36%,5.39
DAL,DELTA AIR LINES,Industrials,Equity,"$42,453,407",0.08,"42,453,407.40","457,620.00",92.77,United States,NYSE,USD,1,--,15.48,1.19%,26.49%,34.33%,71.42%,105.06%,6.02
NUE,NUCOR CORP,Materials,Equity,"$42,209,559",0.08,"42,209,559.08","154,027.00",274.04,United States,NYSE,USD,1,--,,22.38%,17.00%,61.77%,97.83%,61.90%,
HCA,HCA HEALTHCARE,Health Care,Equity,"$42,075,448",0.08,"42,075,447.81","104,997.00",400.73,United States,NYSE,USD,1,--,13.71,-3.92%,-6.69%,-14.81%,9.44%,47.01%,29.87
O,REALTY INCOME REIT,Real Estate,Equity,"$41,059,170",0.08,"41,059,170.10","652,769.00",62.9,United States,NYSE,USD,1,--,51.48,-0.46%,-1.73%,9.75%,10.53%,4.64%,1.37
KEYS,KEYSIGHT TECHNOLOGIES,Information Technology,Equity,"$40,723,240",0.08,"40,723,240.36","119,339.00",341.24,United States,NYSE,USD,1,--,55.15,6.73%,-6.94%,65.18%,112.28%,114.44%,6.09
AME,AMETEK INC,Industrials,Equity,"$40,606,082",0.08,"40,606,081.75","159,835.00",254.05,United States,NYSE,USD,1,--,37.24,7.13%,5.25%,21.47%,36.98%,58.19%,6.84
CIEN,CIENA,Information Technology,Equity,"$40,430,113",0.08,"40,430,113.07","98,339.00",411.13,United States,NYSE,USD,1,--,136.08,-5.23%,-28.72%,67.09%,335.93%,882.62%,3.00
COHR,COHERENT,Information Technology,Equity,"$40,148,671",0.08,"40,148,670.87","124,019.00",323.73,United States,NYSE,USD,1,--,163.13,-3.57%,-6.08%,66.59%,202.13%,538.90%,2.01
COR,CENCORA,Health Care,Equity,"$39,997,411",0.08,"39,997,411.48","130,591.00",306.28,United States,NYSE,USD,1,--,,2.59%,21.18%,-9.62%,7.93%,64.15%,
FAST,FASTENAL,Industrials,Equity,"$39,903,012",0.08,"39,903,012.36","802,716.00",49.71,United States,NASDAQ,USD,1,--,42.54,2.90%,11.18%,22.92%,6.26%,73.69%,1.18
AFL,AFLAC,Financials,Equity,"$39,820,227",0.08,"39,820,227.00","318,180.00",125.15,United States,NYSE,USD,1,--,14.25,3.88%,10.36%,13.53%,22.32%,60.55%,8.81
GWW,WW GRAINGER INC,Industrials,Equity,"$39,722,245",0.08,"39,722,245.25","30,545.00","1,300.45",United States,NYSE,USD,1,--,32.63,-5.09%,11.16%,29.55%,35.43%,81.31%,39.38
SRE,SEMPRA,Utilities,Equity,"$39,589,778",0.08,"39,589,778.45","456,893.00",86.65,United States,NYSE,USD,1,--,28.77,-6.78%,-7.49%,-3.41%,6.78%,21.70%,2.94
APO,APOLLO GLOBAL MANAGEMENT,Financials,Equity,"$39,386,840",0.08,"39,386,840.40","295,697.00",133.2,United States,NYSE,USD,1,--,,9.03%,2.83%,-9.15%,-8.69%,54.40%,
TRGP,TARGA RESOURCES,Energy,Equity,"$39,254,499",0.08,"39,254,498.64","149,268.00",262.98,United States,NYSE,USD,1,--,26.53,-0.20%,5.40%,40.80%,61.29%,220.36%,9.80
F,FORD MOTOR CO,Consumer Discretionary,Equity,"$38,893,413",0.08,"38,893,412.96","2,731,279.00",14.24,United States,NYSE,USD,1,--,,2.96%,17.01%,6.75%,27.03%,10.05%,-1.88
OKE,ONEOK,Energy,Equity,"$38,775,221",0.08,"38,775,220.55","442,387.00",87.65,United States,NYSE,USD,1,--,15.07,0.25%,2.39%,17.90%,16.51%,34.43%,5.79
ALAB,ASTERA LABS,Information Technology,Equity,"$38,693,627",0.08,"38,693,626.62","106,986.00",361.67,United States,NASDAQ,USD,1,--,214.66,-16.42%,69.08%,101.42%,107.39%,,1.48
PSA,PUBLIC STORAGE REIT,Real Estate,Equity,"$38,516,352",0.08,"38,516,351.79","117,971.00",326.49,United States,NYSE,USD,1,--,31.23,0.77%,5.67%,26.33%,16.02%,15.36%,10.48
CAH,CARDINAL HEALTH INC,Health Care,Equity,"$38,210,882",0.08,"38,210,881.95","163,609.00",233.55,United States,NYSE,USD,1,--,36.56,-1.67%,21.96%,13.53%,49.14%,153.25%,6.54
LNG,CHENIERE ENERGY INC,Energy,Equity,"$37,630,206",0.08,"37,630,206.24","146,256.00",257.29,United States,NYSE,USD,1,--,41.42,4.55%,-1.58%,30.08%,9.06%,58.74%,6.15
LHX,L3HARRIS TECHNOLOGIES,Industrials,Equity,"$37,089,856",0.07,"37,089,855.90","130,003.00",285.3,United States,NYSE,USD,1,--,28.89,-5.30%,-5.59%,-6.30%,3.04%,51.82%,9.90
CTVA,CORTEVA,Materials,Equity,"$36,997,246",0.07,"36,997,246.26","472,446.00",78.31,United States,NYSE,USD,1,--,52.00,-9.35%,-4.23%,15.57%,10.03%,43.50%,1.51
PYPL,PAYPAL HOLDINGS INC,Financials,Equity,"$36,642,411",0.07,"36,642,410.52","625,938.00",58.54,United States,NASDAQ,USD,1,--,10.92,29.83%,26.52%,0.69%,-15.67%,-9.13%,5.30
EA,ELECTRONIC ARTS INC,Communication,Equity,"$36,618,653",0.07,"36,618,652.80","174,624.00",209.7,United States,NASDAQ,USD,1,--,49.03,2.19%,4.44%,2.59%,28.65%,69.04%,4.28
FITB,FIFTH THIRD BANCORP,Financials,Equity,"$36,509,080",0.07,"36,509,080.21","631,973.00",57.77,United States,NYSE,USD,1,--,19.59,-0.21%,13.63%,21.09%,40.05%,102.13%,2.94
MET,METLIFE,Financials,Equity,"$36,301,476",0.07,"36,301,475.77","377,629.00",96.13,United States,NYSE,USD,1,--,18.62,6.27%,19.92%,19.68%,26.57%,49.78%,5.17
CARR,CARRIER GLOBAL,Industrials,Equity,"$35,846,179",0.07,"35,846,179.03","545,687.00",65.69,United States,NYSE,USD,1,--,45.36,-6.29%,-3.25%,22.74%,-0.64%,13.06%,1.44
EW,EDWARDS LIFESCIENCES,Health Care,Equity,"$35,689,651",0.07,"35,689,651.20","398,322.00",89.6,United States,NYSE,USD,1,--,51.47,-5.86%,7.69%,5.00%,13.98%,12.22%,1.73
GRMN,GARMIN LTD,Consumer Discretionary,Equity,"$35,450,595",0.07,"35,450,595.04","115,339.00",307.36,United States,NYSE,USD,1,--,31.20,25.34%,26.58%,51.83%,33.59%,189.63%,9.70
WAB,WESTINGHOUSE AIR BRAKE TECHNOLOGIE,Industrials,Equity,"$35,259,456",0.07,"35,259,455.79","117,897.00",299.07,United States,NYSE,USD,1,--,39.80,14.45%,10.57%,38.28%,58.78%,158.60%,7.44
ADSK,AUTODESK,Information Technology,Equity,"$34,998,201",0.07,"34,998,200.61","147,541.00",237.21,United States,NASDAQ,USD,1,--,35.11,14.30%,-2.41%,-17.27%,-22.27%,16.44%,6.84
AMP,AMERIPRISE FINANCE INC,Financials,Equity,"$35,000,649",0.07,"35,000,649.08","63,226.00",553.58,United States,NYSE,USD,1,--,13.53,9.08%,16.47%,12.11%,8.88%,58.38%,41.48
ROK,ROCKWELL AUTOMATION INC,Industrials,Equity,"$34,953,672",0.07,"34,953,671.61","78,507.00",445.23,United States,NYSE,USD,1,--,46.75,-7.80%,-3.07%,11.71%,35.46%,43.41%,10.68
ETR,ENTERGY CORP,Utilities,Equity,"$34,828,342",0.07,"34,828,341.82","319,937.00",108.86,United States,NYSE,USD,1,--,27.32,-4.37%,-3.63%,15.98%,20.58%,123.90%,3.91
AZO,AUTOZONE INC,Consumer Discretionary,Equity,"$34,825,373",0.07,"34,825,373.03","11,501.00","3,028.03",United States,NYSE,USD,1,--,21.07,2.38%,-14.51%,-8.35%,-25.65%,22.89%,145.51
NU,NU HOLDINGS CLASS A,Financials,Equity,"$34,723,295",0.07,"34,723,295.27","2,423,119.00",14.33,Brazil,NYSE,USD,1,--,22.33,1.92%,-1.04%,-15.80%,17.27%,82.78%,0.65
DVN,DEVON ENERGY,Energy,Equity,"$34,696,908",0.07,"34,696,907.55","787,671.00",44.05,United States,NYSE,USD,1,--,11.68,9.14%,-5.47%,16.32%,35.75%,-13.30%,3.60
STT,STATE STREET,Financials,Equity,"$34,626,155",0.07,"34,626,155.28","186,936.00",185.23,United States,NYSE,USD,1,--,16.43,5.27%,22.47%,43.51%,67.24%,150.65%,11.38
FERG,FERGUSON ENTERPRISES INC,Industrials,Equity,"$34,368,650",0.07,"34,368,650.10","134,510.00",255.51,United States,NYSE,USD,1,--,26.38,11.62%,1.31%,13.55%,14.63%,58.22%,9.68
NKE,NIKE CLASS B,Consumer Discretionary,Equity,"$34,286,877",0.07,"34,286,877.29","825,593.00",41.53,United States,NYSE,USD,1,--,20.23,-4.18%,-5.36%,-34.37%,-44.98%,-62.41%,2.10
EBAY,EBAY,Consumer Discretionary,Equity,"$34,039,934",0.07,"34,039,933.55","310,555.00",109.61,United States,NASDAQ,USD,1,--,25.22,-3.57%,1.35%,25.90%,18.45%,149.97%,4.41
XEL,XCEL ENERGY INC,Utilities,Equity,"$33,922,869",0.07,"33,922,869.25","436,307.00",77.75,United States,NASDAQ,USD,1,--,21.12,-3.26%,-3.48%,4.11%,6.07%,30.10%,3.65
BDX,BECTON DICKINSON,Health Care,Equity,"$33,791,616",0.07,"33,791,616.08","198,634.00",170.12,United States,NYSE,USD,1,--,43.33,9.37%,17.52%,10.97%,25.48%,-21.40%,3.94
VST,VISTRA,Utilities,Equity,"$33,668,503",0.07,"33,668,503.18","235,066.00",143.23,United States,NYSE,USD,1,--,23.56,-8.90%,-9.51%,-13.31%,-28.69%,399.06%,5.97
EXC,EXELON CORP,Utilities,Equity,"$33,020,248",0.07,"33,020,248.08","720,337.00",45.84,United States,NASDAQ,USD,1,--,16.76,-2.57%,1.82%,4.37%,1.73%,14.69%,2.73
CVNA,CARVANA CLASS A,Consumer Discretionary,Equity,"$32,955,501",0.07,"32,955,500.78","484,426.00",68.03,United States,NYSE,USD,1,--,40.23,-3.34%,-12.65%,-15.02%,-4.16%,659.26%,1.73
AXON,AXON ENTERPRISE,Industrials,Equity,"$32,807,623",0.07,"32,807,623.20","54,031.00",607.2,United States,NASDAQ,USD,1,--,,-2.43%,57.36%,7.76%,-29.69%,237.95%,
IDXX,IDEXX LABORATORIES INC,Health Care,Equity,"$32,487,268",0.06,"32,487,267.78","55,242.00",588.09,United States,NASDAQ,USD,1,--,40.96,4.09%,1.53%,-12.22%,-5.78%,15.69%,14.23
FLEX,FLEX LTD,Information Technology,Equity,"$32,425,469",0.06,"32,425,469.13","255,903.00",126.71,United States,NASDAQ,USD,1,--,47.09,-8.61%,-5.95%,98.98%,154.13%,530.08%,2.59
TTWO,TAKE TWO INTERACTIVE SOFTWARE,Communication,Equity,"$31,036,664",0.06,"31,036,664.22","129,201.00",240.22,United States,NASDAQ,USD,1,--,,-7.04%,8.21%,-4.52%,5.73%,70.15%,-1.62
CBRE,CBRE GROUP CLASS A,Real Estate,Equity,"$30,818,429",0.06,"30,818,429.40","204,028.00",151.05,United States,NYSE,USD,1,--,34.66,7.47%,4.06%,-5.71%,-3.10%,77.83%,4.36
XYZ,BLOCK CLASS A,Financials,Equity,"$30,796,264",0.06,"30,796,264.00","363,850.00",84.64,United States,NYSE,USD,1,--,,7.25%,19.50%,29.92%,11.18%,32.23%,
VTR,VENTAS REIT,Real Estate,Equity,"$30,750,635",0.06,"30,750,635.45","338,477.00",90.85,United States,NYSE,USD,1,--,169.76,-1.47%,4.88%,17.48%,32.63%,99.28%,0.55
HUM,HUMANA,Health Care,Equity,"$30,397,537",0.06,"30,397,537.44","83,934.00",362.16,United States,NYSE,USD,1,--,34.45,-7.81%,47.02%,36.93%,41.13%,-26.79%,10.56
CMG,CHIPOTLE MEXICAN GRILL,Consumer Discretionary,Equity,"$30,176,402",0.06,"30,176,402.30","892,265.00",33.82,United States,NYSE,USD,1,--,31.82,-0.47%,3.30%,-9.79%,-20.78%,-10.53%,1.08
MCHP,MICROCHIP TECHNOLOGY INC,Information Technology,Equity,"$30,129,519",0.06,"30,129,518.97","373,491.00",80.67,United States,NASDAQ,USD,1,--,357.00,-7.90%,-21.62%,24.05%,21.91%,-4.88%,0.22
XTSLA,BLK CSH FND TREASURY SL AGENCY,Cash and/or Derivatives,Money Market,"$30,116,046",0.06,"30,116,046.13","30,116,046.00",1,United States,--,USD,1,--,,,,,,,
PRU,PRUDENTIAL FINANCIAL INC,Financials,Equity,"$30,035,168",0.06,"30,035,168.34","243,121.00",123.54,United States,NYSE,USD,1,--,12.35,8.10%,23.34%,8.49%,18.70%,25.89%,9.73
UAL,UNITED AIRLINES HOLDINGS,Industrials,Equity,"$29,952,492",0.06,"29,952,492.24","225,852.00",132.62,United States,NASDAQ,USD,1,--,12.41,0.09%,32.57%,17.35%,49.23%,147.06%,10.70
AIG,AMERICAN INTERNATIONAL GROUP,Financials,Equity,"$29,533,454",0.06,"29,533,453.56","372,333.00",79.32,United States,NYSE,USD,1,--,14.15,-1.77%,2.10%,-5.87%,0.33%,28.12%,5.66
NDAQ,NASDAQ INC,Financials,Equity,"$29,239,867",0.06,"29,239,866.50","312,325.00",93.62,United States,NASDAQ,USD,1,--,27.57,10.83%,4.96%,-3.15%,-3.04%,87.24%,3.43
RSG,REPUBLIC SERVICES INC,Industrials,Equity,"$28,873,462",0.06,"28,873,461.72","139,042.00",207.66,United States,NYSE,USD,1,--,29.70,-3.22%,3.99%,-1.21%,-11.83%,39.47%,6.97
AU,ANGLOGOLD ASHANTI PLC,Materials,Equity,"$28,770,315",0.06,"28,770,315.00","353,010.00",81.5,South Africa,NYSE,USD,1,--,11.88,-3.03%,-17.34%,-4.79%,39.84%,337.94%,7.46
ODFL,OLD DOMINION FREIGHT LINE,Industrials,Equity,"$28,708,111",0.06,"28,708,110.72","130,896.00",219.32,United States,NASDAQ,USD,1,--,41.46,1.33%,9.32%,37.77%,46.28%,7.15%,5.20
YUM,YUM BRANDS,Consumer Discretionary,Equity,"$28,522,768",0.06,"28,522,767.52","193,139.00",147.68,United States,NYSE,USD,1,--,19.18,-11.03%,-5.35%,-1.87%,4.49%,9.30%,7.94
KDP,KEURIG DR PEPPER INC,Consumer Staples,Equity,"$28,161,703",0.06,"28,161,703.10","905,521.00",31.1,United States,NASDAQ,USD,1,--,22.88,-2.05%,8.89%,12.15%,-6.91%,-8.04%,1.34
MSCI,MSCI INC,Financials,Equity,"$28,091,179",0.06,"28,091,179.32","49,156.00",571.47,United States,NYSE,USD,1,--,31.28,-6.93%,-1.83%,1.10%,4.23%,3.62%,18.28
ROP,ROPER TECHNOLOGIES,Information Technology,Equity,"$28,065,844",0.06,"28,065,844.08","71,458.00",392.76,United States,NASDAQ,USD,1,--,16.35,7.83%,12.13%,-9.61%,-27.51%,-20.28%,24.13
RKLB,ROCKET LAB CORP,Industrials,Equity,"$27,955,100",0.06,"27,955,099.76","375,337.00",74.48,United States,NASDAQ,USD,1,--,,-19.99%,-12.01%,-1.99%,68.89%,1030.20%,-0.33
ED,CONSOLIDATED EDISON,Utilities,Equity,"$27,948,423",0.06,"27,948,423.23","257,803.00",108.41,United States,NYSE,USD,1,--,18.24,-3.15%,1.44%,8.42%,4.09%,19.63%,5.94
OXY,OCCIDENTAL PETROLEUM CORP,Energy,Equity,"$27,937,792",0.06,"27,937,791.70","507,130.00",55.09,United States,NYSE,USD,1,--,13.52,12.87%,-0.05%,29.99%,29.50%,-13.79%,3.98
SYY,SYSCO,Consumer Staples,Equity,"$27,670,653",0.06,"27,670,653.33","334,227.00",82.79,United States,NYSE,USD,1,--,23.01,-1.71%,12.90%,14.00%,1.62%,11.62%,3.66
A,AGILENT TECHNOLOGIES INC,Health Care,Equity,"$27,474,043",0.05,"27,474,043.20","197,371.00",139.2,United States,NYSE,USD,1,--,28.37,6.58%,18.28%,0.91%,22.94%,10.03%,4.97
CRDO,CREDO TECHNOLOGY GROUP HOLDING LTD,Information Technology,Equity,"$27,386,257",0.05,"27,386,257.44","115,107.00",237.92,United States,NASDAQ,USD,1,--,89.53,-10.40%,19.99%,66.12%,102.76%,1349.85%,2.51
WAT,WATERS CORP,Health Care,Equity,"$27,205,151",0.05,"27,205,150.88","68,686.00",396.08,United States,NYSE,USD,1,--,100.03,4.54%,13.32%,3.70%,42.62%,36.71%,4.00
HIG,HARTFORD INSURANCE GROUP,Financials,Equity,"$27,168,625",0.05,"27,168,625.05","191,261.00",142.05,United States,NYSE,USD,1,--,9.28,3.20%,6.41%,3.60%,10.28%,92.90%,15.47
IBKR,INTERACTIVE BROKERS GROUP INC CLAS,Financials,Equity,"$26,968,691",0.05,"26,968,690.92","304,284.00",88.63,United States,NASDAQ,USD,1,--,35.33,-7.67%,1.83%,31.83%,38.87%,293.39%,2.51
ADM,ARCHER DANIELS MIDLAND,Consumer Staples,Equity,"$26,911,637",0.05,"26,911,637.41","336,943.00",79.87,United States,NYSE,USD,1,--,21.24,2.49%,2.37%,35.26%,40.79%,-8.42%,3.65
PCG,PG&E CORP,Utilities,Equity,"$26,752,961",0.05,"26,752,961.45","1,533,121.00",17.45,United States,NYSE,USD,1,--,12.55,3.75%,7.72%,7.25%,15.33%,0.17%,1.37
PAYX,PAYCHEX,Industrials,Equity,"$26,691,736",0.05,"26,691,736.38","224,943.00",118.66,United States,NASDAQ,USD,1,--,24.19,12.59%,29.85%,9.26%,-14.68%,-5.13%,4.89
PEG,PUBLIC SERVICE ENTERPRISE GROUP IN,Utilities,Equity,"$26,603,968",0.05,"26,603,967.51","348,813.00",76.27,United States,NYSE,USD,1,--,16.70,-5.59%,-3.88%,-5.83%,-11.18%,26.07%,4.02
IQV,IQVIA HOLDINGS INC,Health Care,Equity,"$26,536,237",0.05,"26,536,237.00","116,285.00",228.2,United States,NYSE,USD,1,--,29.27,10.79%,29.31%,1.26%,28.57%,4.06%,8.07
DHI,D R HORTON INC,Consumer Discretionary,Equity,"$26,410,085",0.05,"26,410,084.58","175,634.00",150.37,United States,NYSE,USD,1,--,14.41,-4.15%,0.80%,3.19%,-2.40%,17.95%,10.51
CCL,CARNIVAL CORP LTD,Consumer Discretionary,Equity,"$26,375,047",0.05,"26,375,046.50","891,350.00",29.59,United States,NYSE,USD,1,--,13.22,7.56%,7.52%,-4.30%,1.20%,64.02%,2.24
NTRA,NATERA,Health Care,Equity,"$26,259,731",0.05,"26,259,730.56","95,424.00",275.19,United States,NASDAQ,USD,1,--,,-3.03%,27.94%,20.25%,99.23%,439.38%,-1.64
NTAP,NETAPP INC,Information Technology,Equity,"$26,187,298",0.05,"26,187,297.70","137,495.00",190.46,United States,NASDAQ,USD,1,--,29.39,16.45%,70.45%,78.89%,84.32%,143.28%,6.35
IRM,IRON MOUNTAIN INC,Real Estate,Equity,"$26,097,922",0.05,"26,097,921.85","207,935.00",125.51,United States,NYSE,USD,1,--,139.59,7.84%,-4.96%,50.78%,39.39%,104.31%,1.40
MTB,M&T BANK,Financials,Equity,"$25,953,581",0.05,"25,953,580.54","102,559.00",253.06,United States,NYSE,USD,1,--,13.30,5.48%,16.39%,24.02%,36.42%,78.78%,18.94
KVUE,KENVUE,Consumer Staples,Equity,"$25,899,293",0.05,"25,899,292.60","1,324,772.00",19.55,United States,NYSE,USD,1,--,23.33,-0.05%,10.58%,12.88%,-8.82%,-16.95%,0.84
RVMD,REVOLUTION MEDICINES,Health Care,Equity,"$25,862,507",0.05,"25,862,506.64","133,684.00",193.46,United States,NASDAQ,USD,1,--,,1.83%,28.06%,144.82%,427.57%,552.70%,-7.09
VMC,VULCAN MATERIALS,Materials,Equity,"$25,826,069",0.05,"25,826,068.60","90,586.00",285.1,United States,NYSE,USD,1,--,33.85,-6.48%,-3.59%,-2.58%,1.25%,24.65%,8.47
KMB,KIMBERLY CLARK,Consumer Staples,Equity,"$25,749,129",0.05,"25,749,128.73","230,789.00",111.57,United States,NASDAQ,USD,1,--,19.15,-1.27%,12.48%,10.03%,-18.37%,-13.23%,5.87
FANG,DIAMONDBACK ENERGY,Energy,Equity,"$25,681,800",0.05,"25,681,799.50","133,850.00",191.87,United States,NASDAQ,USD,1,--,210.06,10.44%,-1.65%,25.95%,32.91%,29.13%,0.89
EME,EMCOR GROUP INC,Industrials,Equity,"$25,330,193",0.05,"25,330,192.60","30,895.00",819.88,United States,NYSE,USD,1,--,25.57,4.14%,-13.13%,28.38%,31.76%,271.36%,32.15
WEC,WEC ENERGY GROUP INC,Utilities,Equity,"$25,056,706",0.05,"25,056,706.00","229,352.00",109.25,United States,NYSE,USD,1,--,20.99,-6.33%,-4.12%,2.61%,-0.44%,24.87%,5.16
STLD,STEEL DYNAMICS INC,Materials,Equity,"$24,961,816",0.05,"24,961,816.00","94,160.00",265.1,United States,NASDAQ,USD,1,--,24.13,16.75%,9.61%,50.57%,116.89%,153.78%,11.02
JBL,JABIL,Information Technology,Equity,"$24,915,540",0.05,"24,915,540.00","73,281.00",340,United States,NYSE,USD,1,--,42.25,0.53%,-8.69%,41.44%,54.07%,212.50%,8.01
EXPE,EXPEDIA GROUP,Consumer Discretionary,Equity,"$24,880,232",0.05,"24,880,231.74","79,729.00",312.06,United States,NASDAQ,USD,1,--,28.15,16.98%,26.51%,10.29%,68.55%,190.32%,11.35
HBAN,HUNTINGTON BANCSHARES INC,Financials,Equity,"$24,846,364",0.05,"24,846,363.96","1,414,941.00",17.56,United States,NASDAQ,USD,1,--,13.57,-1.84%,5.53%,0.46%,9.48%,43.11%,1.30
WDAY,WORKDAY CLASS A,Information Technology,Equity,"$24,596,493",0.05,"24,596,493.12","143,604.00",171.28,United States,NASDAQ,USD,1,--,48.21,24.12%,39.67%,-16.77%,-25.23%,-26.66%,3.54
IR,INGERSOLL RAND INC,Industrials,Equity,"$24,467,489",0.05,"24,467,488.92","273,502.00",89.46,United States,NYSE,USD,1,--,37.07,10.95%,13.74%,12.16%,16.97%,31.73%,2.43
ACGL,ARCH CAPITAL GROUP,Financials,Equity,"$24,174,204",0.05,"24,174,204.16","242,908.00",99.52,United States,NASDAQ,USD,1,--,7.74,-2.25%,5.09%,6.03%,10.87%,27.21%,12.80
CCI,CROWN CASTLE INC,Real Estate,Equity,"$23,870,199",0.05,"23,870,198.88","307,368.00",77.66,United States,NYSE,USD,1,--,37.49,3.66%,-13.94%,-12.45%,-26.24%,-25.22%,1.97
NTRS,NORTHERN TRUST,Financials,Equity,"$23,409,587",0.05,"23,409,587.35","128,335.00",182.41,United States,NASDAQ,USD,1,--,15.83,0.70%,11.72%,30.97%,45.15%,125.62%,11.65
DXCM,DEXCOM INC,Health Care,Equity,"$23,306,180",0.05,"23,306,179.68","268,072.00",86.94,United States,NASDAQ,USD,1,--,32.79,20.12%,44.04%,30.66%,13.80%,-28.13%,2.52
MLM,MARTIN MARIETTA MATERIALS,Materials,Equity,"$23,194,369",0.05,"23,194,368.60","41,730.00",555.82,United States,NYSE,USD,1,--,13.60,-8.17%,-9.69%,-12.39%,-7.06%,20.24%,40.68
COIN,COINBASE GLOBAL INC CLASS A,Financials,Equity,"$23,137,959",0.05,"23,137,959.38","153,506.00",150.73,United States,NASDAQ,USD,1,--,,-10.74%,-23.86%,-36.27%,-50.35%,75.35%,-3.86
SUNB,SUNBELT RENTALS HOLDINGS INC,Industrials,Equity,"$23,055,260",0.05,"23,055,259.50","286,650.00",80.43,United Kingdom,NYSE,USD,1,--,25.39,9.89%,4.96%,,,,3.15
RMD,RESMED,Health Care,Equity,"$22,655,181",0.05,"22,655,181.06","101,529.00",223.14,United States,NYSE,USD,1,--,21.60,2.17%,6.44%,-8.85%,-20.44%,19.54%,10.37
KR,KROGER,Consumer Staples,Equity,"$22,507,876",0.05,"22,507,875.83","389,477.00",57.79,United States,NYSE,USD,1,--,33.28,-0.79%,-12.45%,-8.21%,-21.62%,16.28%,1.70
EQT,EQT,Energy,Equity,"$22,434,638",0.04,"22,434,637.80","425,140.00",52.77,United States,NYSE,USD,1,--,11.88,2.05%,-8.00%,-1.29%,2.55%,25.20%,4.31
WTW,WILLIS TOWERS WATSON,Financials,Equity,"$22,391,127",0.04,"22,391,126.64","65,928.00",339.63,United States,NASDAQ,USD,1,--,,18.07%,34.55%,4.09%,4.33%,60.51%,
ZTS,ZOETIS INC CLASS A,Health Care,Equity,"$22,364,657",0.04,"22,364,656.68","294,117.00",76.04,United States,NYSE,USD,1,--,12.32,0.82%,-31.63%,-39.61%,-48.10%,-57.92%,6.04
MSTR,STRATEGY INC CLASS A,Information Technology,Equity,"$22,334,801",0.04,"22,334,800.95","228,723.00",97.65,United States,NASDAQ,USD,1,--,,-3.10%,-47.73%,-37.87%,-74.53%,163.35%,-97.18
CRWV,COREWEAVE CLASS A,Information Technology,Equity,"$22,336,295",0.04,"22,336,295.00","243,050.00",91.9,United States,NASDAQ,USD,1,--,,6.29%,-33.40%,15.86%,-16.64%,,-3.26
GEHC,GE HEALTHCARE TECHNOLOGIES,Health Care,Equity,"$22,299,400",0.04,"22,299,399.84","317,384.00",70.26,United States,NASDAQ,USD,1,--,16.15,8.36%,13.80%,-15.17%,0.43%,-7.05%,4.35
VEEV,VEEVA SYSTEMS CLASS A,Health Care,Equity,"$22,302,078",0.04,"22,302,078.48","105,268.00",211.86,United States,NYSE,USD,1,--,37.77,10.34%,26.60%,-3.48%,-25.05%,7.64%,5.65
CNC,CENTENE CORP,Health Care,Equity,"$22,215,952",0.04,"22,215,952.15","346,745.00",64.07,United States,NYSE,USD,1,--,,-3.00%,15.80%,53.35%,154.15%,-4.13%,-10.44
ON,ON SEMICONDUCTOR CORP,Information Technology,Equity,"$22,181,703",0.04,"22,181,703.32","274,594.00",80.78,United States,NASDAQ,USD,1,--,49.60,-14.69%,-23.63%,42.47%,71.95%,-22.02%,1.55
CASY,CASEYS GENERAL STORES INC,Consumer Staples,Equity,"$22,143,530",0.04,"22,143,530.46","26,031.00",850.66,United States,NASDAQ,USD,1,--,44.50,5.39%,-0.87%,52.92%,63.12%,244.33%,19.16
RJF,RAYMOND JAMES,Financials,Equity,"$22,053,752",0.04,"22,053,752.14","123,502.00",178.57,United States,NYSE,USD,1,--,15.73,7.31%,12.05%,9.15%,7.08%,63.92%,11.48
TPR,TAPESTRY,Consumer Discretionary,Equity,"$22,046,360",0.04,"22,046,359.50","141,350.00",155.97,United States,NYSE,USD,1,--,50.96,7.20%,4.80%,20.84%,39.07%,267.94%,3.12
TDY,TELEDYNE TECHNOLOGIES INC,Information Technology,Equity,"$22,025,990",0.04,"22,025,990.16","32,166.00",684.76,United States,NYSE,USD,1,--,33.07,4.55%,6.31%,32.00%,24.74%,79.15%,20.67
EXR,EXTRA SPACE STORAGE REIT INC,Real Estate,Equity,"$21,950,594",0.04,"21,950,593.64","146,474.00",149.86,United States,NYSE,USD,1,--,33.16,2.55%,4.18%,14.42%,8.55%,14.31%,4.52
CFG,CITIZENS FINANCIAL GROUP INC,Financials,Equity,"$21,752,546",0.04,"21,752,546.40","295,230.00",73.68,United States,NYSE,USD,1,--,16.00,2.18%,12.28%,24.06%,57.00%,133.83%,4.60
ILMN,ILLUMINA INC,Health Care,Equity,"$21,552,151",0.04,"21,552,150.63","106,163.00",203.01,United States,NASDAQ,USD,1,--,37.15,4.47%,42.38%,51.11%,114.98%,11.56%,5.38
BIIB,BIOGEN INC,Health Care,Equity,"$21,521,629",0.04,"21,521,628.70","103,246.00",208.45,United States,NASDAQ,USD,1,--,36.59,0.00%,9.32%,17.23%,61.16%,-23.15%,5.65
AEE,AMEREN,Utilities,Equity,"$21,248,652",0.04,"21,248,651.52","194,158.00",109.44,United States,NYSE,USD,1,--,19.18,-3.14%,-0.14%,8.51%,7.70%,34.76%,5.68
CBOE,CBOE GLOBAL MARKETS,Financials,Equity,"$21,169,740",0.04,"21,169,739.58","73,399.00",288.42,United States,Cboe BZX,USD,1,--,22.19,17.68%,-16.64%,16.25%,16.25%,97.16%,12.84
Q,QNITY ELECTRONICS,Information Technology,Equity,"$20,841,924",0.04,"20,841,923.72","147,116.00",141.67,United States,NYSE,USD,1,--,,-3.42%,-5.20%,66.71%,,,
MDB,MONGODB CLASS A,Information Technology,Equity,"$20,698,119",0.04,"20,698,118.52","54,463.00",380.04,United States,NASDAQ,USD,1,--,,6.18%,43.27%,-4.91%,61.16%,-4.40%,-0.36
DTE,DTE ENERGY,Utilities,Equity,"$20,692,395",0.04,"20,692,395.48","146,009.00",141.72,United States,NYSE,USD,1,--,22.04,-6.37%,-0.51%,8.71%,1.87%,31.49%,6.34
FISV,FISERV INC,Financials,Equity,"$20,670,841",0.04,"20,670,840.84","370,578.00",55.78,United States,NASDAQ,USD,1,--,9.18,7.72%,-0.59%,-14.96%,-58.39%,-55.69%,5.89
LYV,LIVE NATION ENTERTAINMENT,Communication,Equity,"$20,549,233",0.04,"20,549,233.10","111,863.00",183.7,United States,NYSE,USD,1,--,,0.22%,9.46%,26.42%,23.05%,105.90%,-1.17
WSM,WILLIAMS SONOMA INC,Consumer Discretionary,Equity,"$20,480,086",0.04,"20,480,086.32","82,289.00",248.88,United States,NYSE,USD,1,--,27.78,11.19%,33.47%,32.49%,23.98%,256.66%,8.93
ALNY,ALNYLAM PHARMACEUTICALS,Health Care,Equity,"$20,398,755",0.04,"20,398,755.00","93,145.00",219,United States,NASDAQ,USD,1,--,38.93,-30.04%,-27.72%,-45.27%,-48.85%,18.83%,5.88
MTD,METTLER TOLEDO,Health Care,Equity,"$20,291,877",0.04,"20,291,877.00","14,121.00","1,437.00",United States,NYSE,USD,1,--,31.99,10.92%,8.29%,1.81%,17.61%,14.09%,44.43
XYL,XYLEM INC,Industrials,Equity,"$20,253,953",0.04,"20,253,953.45","165,785.00",122.17,United States,NYSE,USD,1,--,29.07,2.30%,3.02%,-10.90%,-14.94%,14.22%,4.21
VICI,VICI PPTYS INC,Real Estate,Equity,"$20,166,414",0.04,"20,166,414.39","758,421.00",26.59,United States,NYSE,USD,1,--,10.24,-0.41%,-7.19%,-5.54%,-19.45%,-14.99%,2.58
TWLO,TWILIO CLASS A,Information Technology,Equity,"$20,049,828",0.04,"20,049,828.15","103,323.00",194.05,United States,NYSE,USD,1,--,299.71,-7.19%,1.38%,40.25%,49.02%,215.07%,0.64
LPLA,LPL FINANCIAL HOLDINGS,Financials,Equity,"$19,967,800",0.04,"19,967,800.32","56,368.00",354.24,United States,NASDAQ,USD,1,--,28.71,16.24%,9.09%,-2.04%,-6.47%,51.29%,12.54
ATO,ATMOS ENERGY,Utilities,Equity,"$19,913,451",0.04,"19,913,451.00","115,340.00",172.65,United States,NYSE,USD,1,--,21.16,-0.68%,-6.55%,1.94%,9.95%,46.33%,8.14
OTIS,OTIS WORLDWIDE,Industrials,Equity,"$19,770,278",0.04,"19,770,278.08","268,472.00",73.64,United States,NYSE,USD,1,--,18.77,0.20%,-4.00%,-16.64%,-15.33%,-18.36%,3.89
DG,DOLLAR GENERAL CORP,Consumer Staples,Equity,"$19,731,281",0.04,"19,731,281.22","155,047.00",127.26,United States,NYSE,USD,1,--,17.95,9.45%,9.36%,-6.99%,12.30%,-23.78%,7.07
ARES,ARES MANAGEMENT CLASS A,Financials,Equity,"$19,653,555",0.04,"19,653,554.84","137,524.00",142.91,United States,NYSE,USD,1,--,64.71,17.30%,15.38%,-14.08%,-24.50%,39.85%,2.16
CW,CURTISS WRIGHT,Industrials,Equity,"$19,640,835",0.04,"19,640,834.85","25,935.00",757.31,United States,NYSE,USD,1,--,54.81,-4.47%,1.94%,32.31%,48.69%,264.97%,13.65
DOV,DOVER CORP,Industrials,Equity,"$19,552,040",0.04,"19,552,040.48","93,136.00",209.93,United States,NYSE,USD,1,--,25.33,-2.24%,-7.59%,7.24%,20.44%,46.42%,8.31
FTI,TECHNIPFMC PLC,Energy,Equity,"$19,329,091",0.04,"19,329,091.02","276,051.00",70.02,United States,NYSE,USD,1,--,24.15,4.10%,-5.30%,48.00%,96.85%,284.73%,2.87
ES,EVERSOURCE ENERGY,Utilities,Equity,"$19,296,834",0.04,"19,296,833.70","265,431.00",72.7,United States,NYSE,USD,1,--,18.77,-0.72%,6.10%,6.82%,11.11%,8.38%,3.86
CRS,CARPENTER TECHNOLOGY,Industrials,Equity,"$19,264,123",0.04,"19,264,122.57","33,789.00",570.13,United States,NYSE,USD,1,--,60.06,-7.93%,24.44%,68.51%,124.60%,850.53%,9.50
CNP,CENTERPOINT ENERGY,Utilities,Equity,"$19,200,480",0.04,"19,200,479.76","461,772.00",41.58,United States,NYSE,USD,1,--,23.95,-5.50%,-1.77%,7.36%,7.72%,43.38%,1.70
ZM,ZOOM COMMUNICATIONS CLASS A,Information Technology,Equity,"$19,202,032",0.04,"19,202,032.08","188,034.00",102.12,United States,NASDAQ,USD,1,--,14.77,20.20%,-2.86%,22.56%,39.57%,48.73%,6.81
CINF,CINCINNATI FINANCIAL,Financials,Equity,"$19,085,264",0.04,"19,085,264.24","106,372.00",179.42,United States,NASDAQ,USD,1,--,8.38,-5.36%,11.84%,11.10%,16.47%,63.53%,21.21
RF,REGIONS FINANCIAL,Financials,Equity,"$19,063,926",0.04,"19,063,926.00","596,680.00",31.95,United States,NYSE,USD,1,--,12.96,4.82%,13.26%,15.93%,28.16%,52.29%,2.46
ATI,ATI INC,Industrials,Equity,"$18,990,032",0.04,"18,990,031.85","94,879.00",200.15,United States,NYSE,USD,1,--,67.64,4.21%,21.24%,67.91%,168.77%,349.37%,3.03
EIX,EDISON INTERNATIONAL,Utilities,Equity,"$18,948,596",0.04,"18,948,595.88","268,052.00",70.69,United States,NYSE,USD,1,--,7.05,-5.55%,2.75%,16.02%,28.74%,1.29%,9.69
HAL,HALLIBURTON,Energy,Equity,"$18,839,021",0.04,"18,839,021.20","582,170.00",32.36,United States,NYSE,USD,1,--,16.68,-1.94%,-19.90%,9.32%,52.50%,-18.26%,1.91
FE,FIRSTENERGY CORP,Utilities,Equity,"$18,827,221",0.04,"18,827,220.52","389,959.00",48.28,United States,NYSE,USD,1,--,25.51,1.19%,5.99%,6.67%,11.14%,33.67%,1.87
CTSH,COGNIZANT TECHNOLOGY SOLUTIONS CLA,Information Technology,Equity,"$18,608,779",0.04,"18,608,778.90","331,530.00",56.13,United States,NASDAQ,USD,1,--,11.98,35.68%,9.35%,-30.94%,-20.82%,-21.31%,4.66
HUBB,HUBBELL INC,Industrials,Equity,"$18,586,898",0.04,"18,586,897.92","37,008.00",502.24,United States,NYSE,USD,1,--,30.37,1.34%,-0.02%,8.47%,18.57%,62.15%,16.91
SYF,SYNCHRONY FINANCIAL,Financials,Equity,"$18,559,997",0.04,"18,559,996.92","234,699.00",79.08,United States,NYSE,USD,1,--,8.13,2.63%,5.23%,-6.58%,13.87%,127.57%,9.75
PPL,PPL CORP,Utilities,Equity,"$18,525,753",0.04,"18,525,752.82","526,599.00",35.18,United States,NYSE,USD,1,--,21.49,-2.58%,-4.61%,0.20%,-2.68%,34.74%,1.63
P,EVERPURE INC CLASS A,Information Technology,Equity,"$18,426,650",0.04,"18,426,650.08","219,574.00",83.92,United States,NYSE,USD,1,--,127.76,7.96%,12.75%,21.61%,46.13%,122.84%,0.66
HPQ,HP INC,Information Technology,Equity,"$18,386,267",0.04,"18,386,266.58","637,969.00",28.82,United States,NYSE,USD,1,--,10.52,27.52%,34.61%,30.29%,15.23%,-12.00%,2.71
AVB,AVALONBAY COMMUNITIES REIT,Real Estate,Equity,"$18,362,171",0.04,"18,362,170.50","97,026.00",189.25,United States,NYSE,USD,1,--,26.10,-2.62%,1.51%,4.86%,1.47%,0.74%,7.27
PPG,PPG INDUSTRIES,Materials,Equity,"$18,362,664",0.04,"18,362,664.00","155,880.00",117.8,United States,NYSE,USD,1,--,17.05,-5.03%,5.62%,12.89%,11.47%,-17.77%,6.99
HSY,HERSHEY FOODS,Consumer Staples,Equity,"$18,354,465",0.04,"18,354,464.64","102,516.00",179.04,United States,NYSE,USD,1,--,24.53,0.86%,-3.95%,-1.85%,-5.06%,-21.78%,7.32
AWK,AMERICAN WATER WORKS,Utilities,Equity,"$18,338,732",0.04,"18,338,732.46","136,846.00",134.01,United States,NYSE,USD,1,--,23.23,0.69%,6.63%,2.83%,-5.57%,-5.70%,5.78
CPRT,COPART INC,Industrials,Equity,"$18,260,516",0.04,"18,260,516.40","621,106.00",29.4,United States,NASDAQ,USD,1,--,18.01,0.55%,-11.95%,-22.16%,-37.59%,-34.29%,1.61
NVT,NVENT ELECTRIC PLC,Industrials,Equity,"$18,201,381",0.04,"18,201,381.12","112,188.00",162.24,United States,NYSE,USD,1,--,44.40,3.41%,-5.94%,51.88%,79.79%,193.33%,3.65
USD,USD CASH,Cash and/or Derivatives,Cash,"$18,042,598",0.04,"18,042,598.35","18,042,598.00",100,United States,--,USD,1,--,,10.67%,12.80%,82.92%,131.27%,788.10%,
DGX,QUEST DIAGNOSTICS INC,Health Care,Equity,"$18,032,667",0.04,"18,032,666.60","77,155.00",233.72,United States,NYSE,USD,1,--,25.07,9.50%,23.58%,34.48%,35.10%,71.09%,9.41
LH,LABCORP HOLDINGS,Health Care,Equity,"$17,905,515",0.04,"17,905,515.18","57,327.00",312.34,United States,NYSE,USD,1,--,25.96,9.83%,21.56%,24.11%,19.74%,45.68%,12.09
QSR,RESTAURANTS BRANDS INTERNATIONAL,Consumer Discretionary,Equity,"$17,773,459",0.04,"17,773,459.36","240,572.00",73.88,Canada,NYSE,USD,1,--,26.31,0.86%,-4.30%,8.95%,7.70%,-0.90%,2.83
SW,SMURFIT WESTROCK PLC,Materials,Equity,"$17,721,639",0.04,"17,721,638.88","365,244.00",48.52,United States,NYSE,USD,1,--,51.36,6.31%,15.83%,22.53%,13.82%,,0.94
CPAY,CORPAY,Financials,Equity,"$17,666,552",0.04,"17,666,552.08","44,554.00",396.52,United States,NYSE,USD,1,--,23.52,11.21%,29.82%,31.91%,25.85%,60.68%,16.54
EQR,EQUITY RESIDENTIAL REIT,Real Estate,Equity,"$17,638,254",0.04,"17,638,254.06","260,574.00",67.69,United States,NYSE,USD,1,--,29.44,-3.20%,2.31%,9.12%,6.77%,2.36%,2.30
VRSK,VERISK ANALYTICS,Industrials,Equity,"$17,638,501",0.04,"17,638,500.80","91,486.00",192.8,United States,NASDAQ,USD,1,--,29.00,2.67%,12.79%,-12.77%,-27.24%,-17.44%,6.51
OKTA,OKTA CLASS A,Information Technology,Equity,"$17,497,010",0.03,"17,497,009.94","118,367.00",147.82,United States,NASDAQ,USD,1,--,102.43,-0.52%,90.88%,76.73%,51.22%,102.16%,1.44
PHM,PULTEGROUP,Consumer Discretionary,Equity,"$17,402,565",0.03,"17,402,565.44","132,158.00",131.68,United States,NYSE,USD,1,--,13.59,0.23%,9.64%,10.59%,9.52%,53.78%,9.79
FSLR,FIRST SOLAR,Information Technology,Equity,"$17,356,688",0.03,"17,356,688.46","71,242.00",243.63,United States,NASDAQ,USD,1,--,14.60,4.54%,11.76%,-11.19%,31.68%,24.56%,16.22
PFG,PRINCIPAL FINANCIAL GROUP INC,Financials,Equity,"$17,235,753",0.03,"17,235,752.75","149,551.00",115.25,United States,NASDAQ,USD,1,--,16.30,2.40%,13.49%,28.89%,50.05%,44.44%,7.05
VRSN,VERISIGN,Information Technology,Equity,"$17,054,699",0.03,"17,054,699.20","57,001.00",299.2,United States,NASDAQ,USD,1,--,31.87,15.46%,8.50%,24.39%,9.51%,45.77%,9.21
CHD,CHURCH AND DWIGHT INC,Consumer Staples,Equity,"$17,045,779",0.03,"17,045,779.00","165,493.00",103,United States,NYSE,USD,1,--,33.34,5.70%,8.47%,24.64%,11.35%,7.65%,3.11
WST,WEST PHARMACEUTICAL SERVICES,Health Care,Equity,"$17,038,321",0.03,"17,038,321.04","48,854.00",348.76,United States,NYSE,USD,1,--,44.87,-2.48%,11.59%,26.18%,46.98%,-7.91%,7.82
TROW,T ROWE PRICE GROUP,Financials,Equity,"$17,041,277",0.03,"17,041,277.46","147,174.00",115.79,United States,NASDAQ,USD,1,--,11.53,-2.80%,9.10%,10.67%,9.84%,-0.71%,9.97
DLTR,DOLLAR TREE INC,Consumer Staples,Equity,"$16,923,154",0.03,"16,923,154.41","129,471.00",130.71,United States,NASDAQ,USD,1,--,20.12,7.62%,35.44%,2.36%,12.32%,-12.74%,6.40
EXPD,EXPEDITORS INTERNATIONAL OF WASHIN,Industrials,Equity,"$16,799,785",0.03,"16,799,785.08","92,571.00",181.48,United States,NYSE,USD,1,--,29.31,9.52%,19.99%,19.50%,52.85%,45.41%,6.19
NRG,NRG ENERGY INC,Utilities,Equity,"$16,638,406",0.03,"16,638,406.40","142,160.00",117.04,United States,NYSE,USD,1,--,141.49,-17.00%,-22.30%,-29.56%,-21.22%,211.94%,3.78
RPRX,ROYALTY PHARMA PLC CLASS A,Health Care,Equity,"$16,617,525",0.03,"16,617,525.48","289,101.00",57.48,United States,NASDAQ,USD,1,--,30.25,0.98%,13.33%,47.92%,54.85%,86.50%,1.91
VLTO,VERALTO CORP,Industrials,Equity,"$16,543,393",0.03,"16,543,393.35","171,523.00",96.45,United States,NYSE,USD,1,--,24.49,4.29%,11.02%,-2.08%,-10.26%,,3.97
ULTA,ULTA BEAUTY INC,Consumer Discretionary,Equity,"$16,521,923",0.03,"16,521,922.94","30,379.00",543.86,United States,NASDAQ,USD,1,--,20.22,20.19%,1.64%,-12.29%,5.36%,23.62%,26.68
FICO,FAIR ISAAC,Information Technology,Equity,"$16,513,126",0.03,"16,513,126.28","15,772.00","1,046.99",United States,NYSE,USD,1,--,31.53,-18.62%,-1.88%,-36.29%,-24.87%,21.56%,34.61
SOFI,SOFI TECHNOLOGIES,Financials,Equity,"$16,494,728",0.03,"16,494,727.70","882,071.00",18.7,United States,NASDAQ,USD,1,--,41.37,0.48%,14.72%,-31.90%,-12.86%,99.15%,0.44
MKL,MARKEL GROUP,Financials,Equity,"$16,458,420",0.03,"16,458,420.35","8,719.00","1,887.65",United States,NYSE,USD,1,--,10.33,-4.57%,5.72%,-11.39%,-3.48%,25.95%,181.86
FFIV,F5 INC,Information Technology,Equity,"$16,445,065",0.03,"16,445,064.75","39,891.00",412.25,United States,NASDAQ,USD,1,--,32.77,-1.62%,20.89%,60.64%,28.33%,156.42%,12.55
RBLX,ROBLOX CORP CLASS A,Communication,Equity,"$16,432,921",0.03,"16,432,921.00","444,133.00",37,United States,NYSE,USD,1,--,,-35.12%,-15.45%,-54.29%,-72.42%,-1.60%,-1.42
DRI,DARDEN RESTAURANTS INC,Consumer Discretionary,Equity,"$16,361,918",0.03,"16,361,917.74","79,982.00",204.57,United States,NYSE,USD,1,--,20.01,0.66%,4.53%,9.27%,-0.28%,24.14%,10.44
XPO,XPO INC,Industrials,Equity,"$16,222,745",0.03,"16,222,745.29","79,801.00",203.29,United States,NYSE,USD,1,--,58.86,-1.69%,-3.92%,46.47%,65.21%,181.25%,3.40
FIS,FIDELITY NATIONAL INFORMATION SERV,Financials,Equity,"$16,210,004",0.03,"16,210,003.70","366,245.00",44.26,United States,NYSE,USD,1,--,6.59,7.24%,-3.72%,-32.55%,-36.68%,-24.12%,6.50
OMC,OMNICOM GROUP INC,Communication,Equity,"$16,184,718",0.03,"16,184,717.73","197,833.00",81.81,United States,NYSE,USD,1,--,70.15,2.39%,6.37%,0.60%,12.15%,0.37%,1.16
BURL,BURLINGTON STORES,Consumer Discretionary,Equity,"$16,101,688",0.03,"16,101,688.32","43,776.00",367.82,United States,NYSE,USD,1,--,38.01,17.76%,16.13%,23.27%,29.98%,119.78%,9.72
TPL,TEXAS PACIFIC LAND,Energy,Equity,"$16,071,955",0.03,"16,071,955.20","40,635.00",395.52,United States,NYSE,USD,1,--,52.34,-1.81%,-5.77%,32.74%,24.82%,103.88%,7.30
STE,STERIS,Health Care,Equity,"$16,018,916",0.03,"16,018,915.75","68,795.00",232.85,United States,NYSE,USD,1,--,29.36,9.18%,8.58%,-6.87%,5.26%,2.94%,7.93
KHC,KRAFT HEINZ,Consumer Staples,Equity,"$15,962,741",0.03,"15,962,741.28","599,202.00",26.64,United States,NASDAQ,USD,1,--,,7.33%,15.47%,9.23%,-2.27%,-23.89%,-2.86
LUV,SOUTHWEST AIRLINES,Industrials,Equity,"$15,803,101",0.03,"15,803,101.30","324,499.00",48.7,United States,NYSE,USD,1,--,30.79,-4.15%,17.35%,17.92%,63.92%,47.71%,1.58
FTAI,FTAI AVIATION,Industrials,Equity,"$15,731,859",0.03,"15,731,858.92","70,877.00",221.96,United States,NASDAQ,USD,1,--,48.70,-8.11%,-22.27%,5.52%,61.27%,534.17%,4.59
WWD,WOODWARD,Industrials,Equity,"$15,686,293",0.03,"15,686,292.93","41,979.00",373.67,United States,NASDAQ,USD,1,--,41.52,-11.76%,-2.29%,20.21%,48.46%,193.03%,8.99
IP,INTERNATIONAL PAPER,Materials,Equity,"$15,641,584",0.03,"15,641,583.90","369,690.00",42.31,United States,NYSE,USD,1,--,,9.67%,26.22%,5.12%,-8.68%,17.07%,-6.51
PKG,PACKAGING CORP OF AMERICA,Materials,Equity,"$15,486,176",0.03,"15,486,175.68","60,616.00",255.48,United States,NYSE,USD,1,--,33.26,8.08%,12.64%,21.01%,32.91%,66.93%,7.70
CMS,CMS ENERGY,Utilities,Equity,"$15,349,288",0.03,"15,349,287.51","213,987.00",71.73,United States,NYSE,USD,1,--,21.53,-5.98%,-3.13%,1.86%,-3.21%,24.66%,3.32
AFRM,AFFIRM HOLDINGS CLASS A,Financials,Equity,"$15,316,910",0.03,"15,316,910.28","196,069.00",78.12,United States,NASDAQ,USD,1,--,73.23,-8.93%,19.12%,5.52%,1.09%,398.85%,1.07
ENTG,ENTEGRIS INC,Information Technology,Equity,"$15,261,055",0.03,"15,261,054.64","105,569.00",144.56,United States,NASDAQ,USD,1,--,83.89,-0.42%,-7.25%,61.41%,100.14%,40.36%,2.00
DOW,DOW,Materials,Equity,"$15,206,582",0.03,"15,206,582.43","501,371.00",30.33,United States,NYSE,USD,1,--,,10.98%,-21.22%,24.97%,42.39%,-45.37%,-1.82
USFD,US FOODS HOLDING,Consumer Staples,Equity,"$15,173,918",0.03,"15,173,918.40","153,210.00",99.04,United States,NYSE,USD,1,--,33.83,-3.71%,7.59%,32.69%,16.96%,134.47%,2.97
THC,TENET HEALTHCARE CORP,Health Care,Equity,"$15,119,241",0.03,"15,119,241.06","59,682.00",253.33,United States,NYSE,USD,1,--,10.09,22.86%,30.24%,27.01%,59.07%,234.65%,25.93
KEY,KEYCORP,Financials,Equity,"$15,064,596",0.03,"15,064,595.70","652,147.00",23.1,United States,NYSE,USD,1,--,13.43,-1.41%,3.91%,10.10%,32.08%,91.70%,1.72
AMCR,AMCOR PLC,Materials,Equity,"$15,051,755",0.03,"15,051,754.86","319,299.00",47.14,United States,NYSE,USD,1,--,32.91,5.65%,17.23%,12.10%,0.19%,-4.86%,1.45
MKSI,MKS,Information Technology,Equity,"$15,033,059",0.03,"15,033,058.92","46,867.00",320.76,United States,NASDAQ,USD,1,--,65.65,-12.85%,9.19%,90.52%,257.91%,218.63%,4.77
UTHR,UNITED THERAPEUTICS,Health Care,Equity,"$15,009,562",0.03,"15,009,561.84","28,938.00",518.68,United States,NASDAQ,USD,1,--,19.16,-5.22%,-13.08%,4.42%,71.52%,118.12%,27.09
EL,ESTEE LAUDER INC CLASS A,Consumer Staples,Equity,"$15,005,630",0.03,"15,005,629.86","172,538.00",86.97,United States,NYSE,USD,1,--,,2.44%,0.35%,-18.54%,-3.53%,-48.89%,-0.70
NI,NISOURCE,Utilities,Equity,"$14,991,960",0.03,"14,991,959.63","336,671.00",44.53,United States,NYSE,USD,1,--,21.35,-5.36%,-6.27%,5.62%,6.43%,66.97%,2.01
RDDT,REDDIT CLASS A,Communication,Equity,"$14,940,398",0.03,"14,940,398.15","93,395.00",159.97,United States,NYSE,USD,1,--,36.13,-20.36%,-3.96%,-33.87%,-24.83%,,4.30
EXE,EXPAND ENERGY,Energy,Equity,"$14,904,974",0.03,"14,904,974.36","160,148.00",93.07,United States,NASDAQ,USD,1,--,7.84,4.70%,-3.98%,-15.21%,-8.44%,7.10%,11.58
INSM,INSMED INC,Health Care,Equity,"$14,828,695",0.03,"14,828,695.00","150,164.00",98.75,United States,NASDAQ,USD,1,--,,-11.47%,-27.97%,-44.25%,-11.24%,351.53%,-5.74
SNA,SNAP ON INC,Industrials,Equity,"$14,817,184",0.03,"14,817,184.46","35,419.00",418.34,United States,NYSE,USD,1,--,21.35,1.14%,8.29%,19.20%,29.44%,52.82%,19.61
RS,RELIANCE STEEL & ALUMINUM,Materials,Equity,"$14,766,232",0.03,"14,766,231.99","35,589.00",414.91,United States,NYSE,USD,1,--,24.49,9.89%,10.21%,40.26%,45.08%,45.91%,17.19
EFX,EQUIFAX,Industrials,Equity,"$14,669,078",0.03,"14,669,078.40","82,820.00",177.12,United States,NYSE,USD,1,--,31.17,3.01%,2.26%,-17.25%,-26.38%,-10.57%,5.69
FWONK,LIBERTY MEDIA FORMULA ONE SERIES C,Communication,Equity,"$14,649,356",0.03,"14,649,356.31","151,917.00",96.43,United States,NASDAQ,USD,1,--,40.75,-2.57%,8.76%,-1.64%,-3.27%,31.54%,2.36
CPNG,COUPANG CLASS A,Consumer Discretionary,Equity,"$14,609,406",0.03,"14,609,406.32","870,644.00",16.78,United States,NYSE,USD,1,--,,-12.38%,-6.20%,-28.20%,-40.26%,-6.78%,-0.43
VTRS,VIATRIS,Health Care,Equity,"$14,586,782",0.03,"14,586,782.40","824,112.00",17.7,United States,NASDAQ,USD,1,--,,5.36%,10.97%,42.05%,102.29%,60.91%,-0.26
IFF,INTERNATIONAL FLAVORS & FRAGRANCES,Materials,Equity,"$14,566,590",0.03,"14,566,590.31","180,079.00",80.89,United States,NYSE,USD,1,--,26.56,-2.27%,-2.46%,18.90%,22.26%,0.68%,3.32
MRNA,MODERNA INC,Health Care,Equity,"$14,501,162",0.03,"14,501,162.49","254,451.00",56.99,United States,NASDAQ,USD,1,--,,-30.33%,16.81%,84.67%,113.37%,-43.69%,-7.98
BRO,BROWN & BROWN INC,Financials,Equity,"$14,477,188",0.03,"14,477,187.89","203,417.00",71.17,United States,NYSE,USD,1,--,20.01,4.00%,25.83%,-8.31%,-22.47%,0.04%,3.54
JBHT,JB HUNT TRANSPORT SERVICES INC,Industrials,Equity,"$14,420,630",0.03,"14,420,630.24","52,538.00",274.48,United States,NASDAQ,USD,1,--,38.65,-1.17%,11.55%,39.49%,91.26%,32.52%,7.05
RBA,RB GLOBAL,Industrials,Equity,"$14,405,037",0.03,"14,405,037.30","129,705.00",111.06,Canada,NYSE,USD,1,--,44.33,-2.66%,4.89%,7.52%,2.10%,89.72%,2.33
GH,GUARDANT HEALTH,Health Care,Equity,"$14,211,403",0.03,"14,211,403.02","88,938.00",159.79,United States,NASDAQ,USD,1,--,,-5.35%,73.21%,57.06%,258.35%,326.11%,-3.50
GPN,GLOBAL PAYMENTS INC,Financials,Equity,"$14,185,658",0.03,"14,185,658.00","160,744.00",88.25,United States,NYSE,USD,1,--,,14.00%,26.74%,16.84%,3.17%,-28.01%,-2.98
SNX,TD SYNNEX,Information Technology,Equity,"$14,149,168",0.03,"14,149,168.02","53,638.00",263.79,United States,NYSE,USD,1,--,18.82,10.41%,12.76%,71.93%,85.60%,166.70%,13.98
HEIA,HEICO CLASS A,Industrials,Equity,"$14,001,198",0.03,"14,001,198.24","52,644.00",265.96,United States,NYSE,USD,1,--,23.46,253.58%,298.62%,285.45%,293.66%,197.16%,3.38
INCY,INCYTE CORP,Health Care,Equity,"$13,975,007",0.03,"13,975,007.40","115,879.00",120.6,United States,NASDAQ,USD,1,--,15.27,4.31%,20.78%,18.91%,55.31%,85.80%,7.85
BAM,BROOKFIELD ASSET MANAGEMENT VOTING,Financials,Equity,"$13,939,449",0.03,"13,939,449.44","268,376.00",51.94,Canada,NYSE,USD,1,--,33.96,10.51%,6.81%,-2.83%,-17.46%,57.25%,1.73
SBAC,SBA COMMUNICATIONS REIT CORP CLASS,Real Estate,Equity,"$13,803,698",0.03,"13,803,697.70","73,463.00",187.9,United States,NASDAQ,USD,1,--,19.21,4.06%,-13.98%,-2.38%,-14.50%,-14.63%,9.29
CDW,CDW,Information Technology,Equity,"$13,747,118",0.03,"13,747,118.00","89,267.00",154,United States,NASDAQ,USD,1,--,17.06,14.76%,41.28%,15.65%,-6.95%,-24.08%,8.32
DD,DUPONT DE NEMOURS,Industrials,Equity,"$13,647,528",0.03,"13,647,528.12","95,484.00",142.93,United States,NYSE,USD,1,--,509.61,1.33%,-4.85%,16.57%,60.88%,45.89%,0.42
GIS,GENERAL MILLS INC,Consumer Staples,Equity,"$13,597,669",0.03,"13,597,668.70","375,730.00",36.19,United States,NYSE,USD,1,--,,0.19%,3.19%,-20.84%,-26.61%,-50.74%,-0.16
EVRG,EVERGY,Utilities,Equity,"$13,568,330",0.03,"13,568,330.24","161,836.00",83.84,United States,NASDAQ,USD,1,--,22.05,-2.82%,3.52%,14.72%,14.46%,45.45%,3.77
L,LOEWS,Financials,Equity,"$13,550,291",0.03,"13,550,291.34","116,833.00",115.98,United States,NYSE,USD,1,--,14.18,-0.28%,10.15%,10.82%,23.28%,82.65%,8.16
BR,BROADRIDGE FINANCIAL SOLUTIONS INC,Industrials,Equity,"$13,528,207",0.03,"13,528,206.89","80,329.00",168.41,United States,NYSE,USD,1,--,17.49,16.33%,10.19%,-23.61%,-36.90%,1.36%,9.60
FN,FABRINET,Information Technology,Equity,"$13,285,309",0.03,"13,285,308.54","25,018.00",531.03,United States,NYSE,USD,1,--,44.90,6.05%,-21.80%,10.77%,59.73%,318.69%,11.63
LSCC,LATTICE SEMICONDUCTOR,Information Technology,Equity,"$13,276,980",0.03,"13,276,980.00","96,210.00",138,United States,NASDAQ,USD,1,--,903.66,0.50%,10.23%,75.46%,139.67%,48.12%,0.26
ROKU,ROKU CLASS A,Communication,Equity,"$13,217,858",0.03,"13,217,858.28","89,716.00",147.33,United States,NASDAQ,USD,1,--,110.52,3.56%,15.12%,35.51%,73.47%,66.66%,1.33
MDLN,MEDLINE CLASS A,Health Care,Equity,"$13,178,405",0.03,"13,178,404.92","313,473.00",42.04,United States,NASDAQ,USD,1,--,30.72,-1.66%,0.07%,3.50%,,,1.19
VIK,VIKING HOLDINGS LTD,Consumer Discretionary,Equity,"$13,168,512",0.03,"13,168,512.00","122,475.00",107.52,United States,NYSE,USD,1,--,40.33,6.93%,24.95%,48.78%,87.15%,,2.68
ZBH,ZIMMER BIOMET HOLDINGS,Health Care,Equity,"$12,962,135",0.03,"12,962,134.90","135,290.00",95.81,United States,NYSE,USD,1,--,25.49,6.74%,15.67%,6.43%,5.11%,-23.74%,4.11
WY,WEYERHAEUSER REIT,Real Estate,Equity,"$12,945,996",0.03,"12,945,996.00","501,200.00",25.83,United States,NYSE,USD,1,--,39.52,10.38%,7.45%,8.53%,1.10%,-22.06%,0.65
ESS,ESSEX PROPERTY TRUST REIT,Real Estate,Equity,"$12,902,909",0.03,"12,902,909.25","44,925.00",287.21,United States,NYSE,USD,1,--,44.83,-3.62%,7.46%,11.80%,12.84%,17.07%,6.43
TEAM,ATLASSIAN CORP CLASS A,Information Technology,Equity,"$12,890,496",0.03,"12,890,495.67","116,857.00",110.31,United States,NASDAQ,USD,1,--,,29.02%,24.22%,-28.72%,-40.53%,-43.00%,-0.83
GPC,GENUINE PARTS,Consumer Discretionary,Equity,"$12,871,665",0.03,"12,871,665.40","97,108.00",132.55,United States,NYSE,USD,1,--,526.12,3.02%,25.65%,6.90%,-0.67%,-15.29%,0.25
FTV,FORTIVE,Industrials,Equity,"$12,867,330",0.03,"12,867,330.48","212,648.00",60.51,United States,NYSE,USD,1,--,36.10,-4.86%,0.18%,9.24%,27.15%,-22.86%,1.70
CHRW,CH ROBINSON WORLDWIDE,Industrials,Equity,"$12,841,465",0.03,"12,841,464.50","82,982.00",154.75,United States,NASDAQ,USD,1,--,29.32,-17.93%,-8.21%,-5.48%,31.43%,54.75%,5.24
WCC,WESCO INTERNATIONAL,Industrials,Equity,"$12,825,644",0.03,"12,825,644.40","34,284.00",374.1,United States,NYSE,USD,1,--,26.54,18.02%,3.02%,48.38%,81.37%,143.19%,14.06
EWBC,EAST WEST BANCORP,Financials,Equity,"$12,800,931",0.03,"12,800,930.60","95,959.00",133.4,United States,NASDAQ,USD,1,--,12.80,1.36%,6.53%,15.94%,35.45%,118.26%,10.41
LNT,ALLIANT ENERGY CORP,Utilities,Equity,"$12,779,497",0.03,"12,779,496.94","180,859.00",70.66,United States,NASDAQ,USD,1,--,22.24,-7.73%,-2.28%,7.73%,7.44%,37.66%,3.16
MTSI,MACOM TECHNOLOGY SOLUTIONS,Information Technology,Equity,"$12,769,863",0.03,"12,769,863.13","46,723.00",273.31,United States,NASDAQ,USD,1,--,113.53,-16.58%,-11.78%,56.21%,96.58%,253.30%,2.32
ITT,ITT INC,Industrials,Equity,"$12,750,923",0.03,"12,750,922.90","62,306.00",204.65,United States,NYSE,USD,1,--,35.97,7.67%,-5.53%,17.47%,23.84%,100.24%,5.67
STZ,CONSTELLATION BRANDS CLASS A,Consumer Staples,Equity,"$12,677,036",0.03,"12,677,036.04","96,462.00",131.42,United States,NYSE,USD,1,--,12.46,0.57%,-13.70%,-6.91%,-22.31%,-51.44%,10.48
CF,CF INDUSTRIES HOLDINGS INC,Materials,Equity,"$12,646,983",0.03,"12,646,982.58","107,078.00",118.11,United States,NYSE,USD,1,--,10.49,4.34%,-1.38%,47.40%,31.38%,46.74%,11.13
FCNCA,FIRST CITIZENS BANCSHARES INC CLAS,Financials,Equity,"$12,612,444",0.03,"12,612,443.82","5,601.00","2,251.82",United States,NASDAQ,USD,1,--,11.91,6.35%,13.08%,4.32%,21.80%,48.92%,187.00
INVH,INVITATION HOMES,Real Estate,Equity,"$12,615,250",0.03,"12,615,250.34","414,022.00",30.47,United States,NYSE,USD,1,--,27.99,1.50%,6.02%,9.92%,0.69%,-12.77%,1.09
LEN,LENNAR A CORP CLASS A,Consumer Discretionary,Equity,"$12,575,782",0.03,"12,575,782.32","144,516.00",87.02,United States,NYSE,USD,1,--,13.75,-0.72%,-3.89%,-16.50%,-27.09%,-26.15%,6.39
ASTS,AST SPACEMOBILE CLASS A,Communication,Equity,"$12,576,279",0.03,"12,576,279.39","178,869.00",70.31,United States,NASDAQ,USD,1,--,,-12.81%,-0.52%,-15.77%,35.76%,1501.59%,-1.78
SCCO,SOUTHERN COPPER CORP,Materials,Equity,"$12,556,009",0.03,"12,556,008.92","64,337.00",195.16,Peru,NYSE,USD,1,--,28.93,12.24%,7.18%,33.69%,113.01%,150.53%,6.81
AKAM,AKAMAI TECHNOLOGIES INC,Information Technology,Equity,"$12,423,072",0.02,"12,423,071.90","100,714.00",123.35,United States,NASDAQ,USD,1,--,41.18,9.42%,1.11%,44.95%,65.61%,29.39%,2.97
ZBRA,ZEBRA TECHNOLOGIES CORP CLASS A,Information Technology,Equity,"$12,361,706",0.02,"12,361,706.28","33,516.00",368.83,United States,NASDAQ,USD,1,--,33.76,36.46%,60.53%,48.54%,19.63%,48.58%,10.93
SMCI,SUPER MICRO COMPUTER INC,Information Technology,Equity,"$12,336,822",0.02,"12,336,821.93","389,297.00",31.69,United States,NASDAQ,USD,1,--,16.52,16.55%,-8.57%,2.36%,-32.27%,-10.30%,1.84
RBC,RBC BEARINGS,Industrials,Equity,"$12,317,553",0.02,"12,317,553.44","21,764.00",565.96,United States,NYSE,USD,1,--,56.54,-7.16%,-9.18%,23.36%,39.96%,150.88%,10.12
IEX,IDEX,Industrials,Equity,"$12,306,050",0.02,"12,306,049.70","51,730.00",237.89,United States,NYSE,USD,1,--,34.07,5.98%,9.03%,32.85%,48.94%,6.28%,6.96
RGLD,ROYAL GOLD,Materials,Equity,"$12,218,403",0.02,"12,218,403.12","59,304.00",206.03,United States,NASDAQ,USD,1,--,25.58,2.04%,-13.02%,-6.82%,27.71%,81.76%,8.41
TSCO,TRACTOR SUPPLY,Consumer Discretionary,Equity,"$12,124,404",0.02,"12,124,404.00","366,075.00",33.12,United States,NASDAQ,USD,1,--,17.44,9.60%,1.81%,-34.84%,-45.03%,-25.67%,1.92
HST,HOST HOTELS & RESORTS REIT,Real Estate,Equity,"$12,009,585",0.02,"12,009,584.64","480,768.00",24.98,United States,NASDAQ,USD,1,--,17.17,7.44%,15.22%,37.56%,63.27%,48.78%,1.46
OVV,OVINTIV,Energy,Equity,"$12,001,952",0.02,"12,001,952.25","197,563.00",60.75,United States,NYSE,USD,1,--,16.41,13.98%,1.42%,50.04%,53.64%,25.00%,3.53
PTC,PTC,Information Technology,Equity,"$11,982,019",0.02,"11,982,019.28","84,571.00",141.68,United States,NASDAQ,USD,1,--,13.56,13.36%,3.60%,-16.71%,-34.32%,-0.85%,10.29
ZS,ZSCALER,Information Technology,Equity,"$11,924,037",0.02,"11,924,037.10","73,055.00",163.22,United States,NASDAQ,USD,1,--,,8.51%,17.57%,-26.00%,-43.58%,12.30%,-0.49
BALL,BALL CORP,Materials,Equity,"$11,853,611",0.02,"11,853,611.25","185,939.00",63.75,United States,NYSE,USD,1,--,18.39,1.27%,8.05%,19.49%,21.31%,11.67%,3.52
ROIV,ROIVANT SCIENCES LTD,Health Care,Equity,"$11,826,425",0.02,"11,826,424.77","341,903.00",34.59,United States,NASDAQ,USD,1,--,,-2.26%,20.02%,57.73%,196.91%,207.74%,-0.43
MTZ,MASTEC INC,Industrials,Equity,"$11,828,623",0.02,"11,828,623.14","43,534.00",271.71,United States,NYSE,USD,1,--,42.50,-28.62%,-37.29%,19.35%,48.39%,182.62%,6.28
JLL,JONES LANG LASALLE,Real Estate,Equity,"$11,821,181",0.02,"11,821,181.10","32,135.00",367.86,United States,NYSE,USD,1,--,17.88,11.52%,13.01%,9.53%,33.65%,111.58%,20.87
PFGC,PERFORMANCE FOOD GROUP,Consumer Staples,Equity,"$11,815,303",0.02,"11,815,302.69","105,109.00",112.41,United States,NYSE,USD,1,--,53.35,-1.17%,21.03%,27.67%,14.38%,87.79%,2.10
BBY,BEST BUY,Consumer Discretionary,Equity,"$11,714,500",0.02,"11,714,500.05","135,663.00",86.35,United States,NYSE,USD,1,--,15.59,10.71%,47.13%,24.82%,28.06%,7.84%,5.42
SSNC,SS AND C TECHNOLOGIES HOLDINGS,Industrials,Equity,"$11,703,119",0.02,"11,703,118.56","144,376.00",81.06,United States,NASDAQ,USD,1,--,22.78,24.10%,16.60%,-5.47%,-5.93%,41.69%,3.48
NLY,ANNALY CAPITAL MANAGEMENT REIT INC,Financials,Equity,"$11,685,287",0.02,"11,685,287.25","513,639.00",22.75,United States,NYSE,USD,1,--,5.68,-1.04%,0.93%,-0.66%,10.54%,13.98%,3.99
CDE,COEUR MINING,Materials,Equity,"$11,636,494",0.02,"11,636,494.39","717,859.00",16.21,United States,NYSE,USD,1,--,14.42,-4.59%,-13.55%,-7.64%,63.90%,498.15%,1.21
KIM,KIMCO REALTY REIT CORP,Real Estate,Equity,"$11,624,473",0.02,"11,624,472.93","464,793.00",25.01,United States,NYSE,USD,1,--,28.74,-0.16%,5.08%,24.68%,17.25%,24.24%,0.85
J,JACOBS SOLUTIONS INC,Industrials,Equity,"$11,615,721",0.02,"11,615,721.48","81,411.00",142.68,United States,NYSE,USD,1,--,44.57,10.62%,12.68%,5.42%,-2.91%,34.36%,2.85
NVR,NVR,Consumer Discretionary,Equity,"$11,506,855",0.02,"11,506,854.60","1,836.00","6,267.35",United States,NYSE,USD,1,--,16.51,-6.37%,2.75%,-13.90%,-20.37%,-1.88%,385.67
NBIX,NEUROCRINE BIOSCIENCES,Health Care,Equity,"$11,507,958",0.02,"11,507,958.00","69,300.00",166.06,United States,NASDAQ,USD,1,--,23.68,-4.62%,12.95%,18.11%,29.30%,63.98%,6.82
NDSN,NORDSON,Industrials,Equity,"$11,411,959",0.02,"11,411,958.84","36,852.00",309.67,United States,NASDAQ,USD,1,--,33.15,5.45%,7.92%,28.48%,46.67%,24.76%,9.37
STRL,STERLING INFRASTRUCTURE,Industrials,Equity,"$11,372,937",0.02,"11,372,936.76","20,998.00",541.62,United States,NASDAQ,USD,1,--,38.62,-24.47%,-38.88%,69.70%,80.89%,776.27%,13.88
LDOS,LEIDOS HOLDINGS,Industrials,Equity,"$11,374,215",0.02,"11,374,215.20","87,092.00",130.6,United States,NYSE,USD,1,--,11.84,20.13%,-3.19%,-28.82%,-25.15%,33.77%,10.71
WRB,WR BERKLEY,Financials,Equity,"$11,328,308",0.02,"11,328,307.98","158,682.00",71.39,United States,NYSE,USD,1,--,14.82,0.66%,7.97%,2.93%,1.19%,69.94%,4.86
PR,PERMIAN RESOURCES CLASS A,Energy,Equity,"$11,314,627",0.02,"11,314,626.50","551,933.00",20.5,United States,NYSE,USD,1,--,23.03,12.70%,-3.35%,42.36%,50.96%,69.56%,0.86
TOST,TOAST CLASS A,Financials,Equity,"$11,279,523",0.02,"11,279,523.15","333,615.00",33.81,United States,NYSE,USD,1,--,51.21,14.69%,19.43%,-0.62%,-26.40%,65.98%,0.68
IONQ,IONQ,Information Technology,Equity,"$11,250,632",0.02,"11,250,632.40","269,670.00",41.72,United States,NYSE,USD,1,--,681.28,-14.63%,-20.64%,-10.80%,1.19%,167.78%,0.06
TSN,TYSON FOODS INC CLASS A,Consumer Staples,Equity,"$11,242,542",0.02,"11,242,542.30","191,395.00",58.74,United States,NYSE,USD,1,--,35.94,-0.02%,-13.73%,1.21%,4.76%,8.18%,1.62
SWK,STANLEY BLACK & DECKER INC,Industrials,Equity,"$11,185,562",0.02,"11,185,561.60","109,234.00",102.4,United States,NYSE,USD,1,--,25.18,10.63%,26.37%,33.91%,49.99%,3.70%,4.10
PNFP,PINNACLE FINANCIAL PARTNERS INC,Financials,Equity,"$11,188,768",0.02,"11,188,767.63","102,621.00",109.03,United States,NYSE,USD,1,--,14.81,8.73%,9.39%,14.65%,21.59%,43.55%,7.25
TRU,TRANSUNION,Industrials,Equity,"$11,134,595",0.02,"11,134,595.16","136,253.00",81.72,United States,NYSE,USD,1,--,21.09,3.08%,15.59%,-1.93%,-10.10%,4.00%,3.79
WPC,W. P. CAREY REIT INC,Real Estate,Equity,"$11,111,172",0.02,"11,111,172.48","153,639.00",72.32,United States,NYSE,USD,1,--,24.73,2.51%,-2.07%,11.50%,11.55%,9.84%,2.92
NTNX,NUTANIX CLASS A,Information Technology,Equity,"$11,079,348",0.02,"11,079,348.00","180,152.00",61.5,United States,NASDAQ,USD,1,--,63.63,17.32%,42.59%,21.54%,-18.76%,104.59%,0.96
APG,API GROUP,Industrials,Equity,"$11,067,710",0.02,"11,067,709.90","266,435.00",41.54,United States,NYSE,USD,1,--,,-3.01%,-10.32%,6.59%,19.68%,121.31%,-0.62
CLH,CLEAN HARBORS INC,Industrials,Equity,"$10,968,571",0.02,"10,968,570.93","35,313.00",310.61,United States,NYSE,USD,1,--,37.49,5.45%,7.86%,27.59%,28.14%,83.91%,8.25
BWXT,BWX TECHNOLOGIES INC,Industrials,Equity,"$10,957,744",0.02,"10,957,744.00","63,560.00",172.4,United States,NYSE,USD,1,--,43.56,-12.44%,-19.89%,-5.20%,-4.08%,127.74%,3.86
HEI,HEICO,Industrials,Equity,"$10,939,723",0.02,"10,939,723.30","29,755.00",367.66,United States,NYSE,USD,1,--,65.51,0.64%,24.05%,11.65%,16.15%,106.62%,5.60
LYB,LYONDELLBASELL INDUSTRIES CLASS A,Materials,Equity,"$10,933,862",0.02,"10,933,862.31","178,921.00",61.11,United States,NYSE,USD,1,--,,15.37%,-16.83%,37.67%,23.33%,-37.86%,-1.11
RGA,REINSURANCE GROUP OF AMERICA,Financials,Equity,"$10,911,978",0.02,"10,911,978.00","46,200.00",236.19,United States,NYSE,USD,1,--,12.79,5.40%,10.07%,16.10%,28.58%,69.19%,18.49
MAS,MASCO,Industrials,Equity,"$10,865,659",0.02,"10,865,659.28","140,966.00",77.08,United States,NYSE,USD,1,--,17.80,-4.89%,7.13%,19.56%,11.18%,28.21%,4.34
JAZZ,JAZZ PHARMACEUTICALS PLC,Health Care,Equity,"$10,866,125",0.02,"10,866,125.08","41,534.00",261.62,United States,NASDAQ,USD,1,--,17.88,7.15%,14.46%,51.09%,146.97%,98.94%,14.63
TLN,TALEN ENERGY CORP,Utilities,Equity,"$10,835,120",0.02,"10,835,120.00","31,868.00",340,United States,NASDAQ,USD,1,--,,-10.00%,-17.07%,-14.30%,-10.21%,529.63%,-0.85
GEN,GEN DIGITAL,Information Technology,Equity,"$10,821,049",0.02,"10,821,049.25","382,775.00",28.27,United States,NASDAQ,USD,1,--,17.78,6.28%,44.53%,8.44%,-1.46%,33.85%,1.57
CSL,CARLISLE COMPANIES,Industrials,Equity,"$10,824,677",0.02,"10,824,677.16","28,012.00",386.43,United States,NYSE,USD,1,--,22.05,5.25%,3.33%,17.65%,8.90%,35.25%,17.48
FDXF,FEDEX FREIGHT HOLDING COMPANY INC,Industrials,Equity,"$10,798,823",0.02,"10,798,822.50","75,675.00",142.7,United States,NYSE,USD,1,--,,-6.54%,,,,,
TXT,TEXTRON INC,Industrials,Equity,"$10,767,568",0.02,"10,767,567.52","120,821.00",89.12,United States,NYSE,USD,1,--,16.69,-5.03%,-4.26%,2.38%,15.04%,11.96%,5.30
MAA,MID AMERICA APARTMENT COMMUNITIES,Real Estate,Equity,"$10,740,989",0.02,"10,740,988.72","80,632.00",133.21,United States,NYSE,USD,1,--,39.31,-5.37%,2.23%,-4.26%,-5.26%,-9.31%,3.42
DOC,HEALTHPEAK PROPERTIES,Real Estate,Equity,"$10,529,935",0.02,"10,529,934.52","487,046.00",21.62,United States,NYSE,USD,1,--,68.35,-0.60%,10.87%,33.46%,28.31%,0.60%,0.32
SUI,SUN COMMUNITIES REIT INC,Real Estate,Equity,"$10,500,121",0.02,"10,500,121.00","86,300.00",121.67,United States,NYSE,USD,1,--,,-0.42%,-3.38%,-0.38%,-2.90%,-5.87%,-7.11
MLI,MUELLER INDUSTRIES INC,Industrials,Equity,"$10,404,100",0.02,"10,404,100.30","152,218.00",68.35,United States,NYSE,USD,1,--,18.00,20.25%,-1.75%,17.02%,56.51%,246.43%,3.85
FLUT,FLUTTER ENTERTAINMENT PLC,Consumer Discretionary,Equity,"$10,386,527",0.02,"10,386,526.72","98,957.00",104.96,United States,NYSE,USD,1,--,,-2.30%,5.90%,-51.91%,-65.81%,-45.76%,-2.15
ARMK,ARAMARK,Consumer Discretionary,Equity,"$10,365,563",0.02,"10,365,562.50","184,375.00",56.22,United States,NYSE,USD,1,--,42.46,0.39%,22.80%,53.69%,42.80%,105.03%,1.34
LECO,LINCOLN ELECTRIC HOLDINGS INC,Industrials,Equity,"$10,308,218",0.02,"10,308,217.92","37,128.00",277.64,United States,NASDAQ,USD,1,--,27.93,5.60%,1.00%,13.90%,14.76%,40.94%,10.00
RRX,REGAL REXNORD,Industrials,Equity,"$10,258,925",0.02,"10,258,924.92","46,623.00",220.04,United States,NYSE,USD,1,--,42.62,0.98%,-4.90%,50.61%,51.08%,35.90%,4.30
RPM,RPM INTERNATIONAL INC,Materials,Equity,"$10,233,112",0.02,"10,233,112.26","88,914.00",115.09,United States,NYSE,USD,1,--,22.60,4.31%,12.38%,10.92%,-3.89%,11.32%,5.16
EG,EVEREST GROUP LTD,Financials,Equity,"$10,203,488",0.02,"10,203,487.56","27,636.00",369.21,United States,NYSE,USD,1,--,7.90,-1.00%,4.92%,10.38%,12.40%,2.94%,47.28
NXT,NEXTPOWER INC CLASS A,Industrials,Equity,"$10,180,271",0.02,"10,180,271.04","103,416.00",98.44,United States,NASDAQ,USD,1,--,25.87,-14.42%,-21.92%,6.10%,80.23%,141.63%,3.86
BAX,BAXTER INTERNATIONAL,Health Care,Equity,"$10,175,609",0.02,"10,175,608.80","358,928.00",28.35,United States,NYSE,USD,1,--,,25.55%,66.96%,45.38%,26.00%,-34.89%,-2.07
OHI,OMEGA HEALTHCARE INVESTORS REIT,Real Estate,Equity,"$10,160,389",0.02,"10,160,389.14","208,461.00",48.74,United States,NYSE,USD,1,--,17.39,-0.57%,5.80%,9.45%,20.79%,52.31%,2.80
COO,COOPER,Health Care,Equity,"$10,144,097",0.02,"10,144,097.04","135,816.00",74.69,United States,NASDAQ,USD,1,--,63.22,2.86%,22.20%,-7.92%,9.64%,-23.36%,1.18
QXO,QXO INC,Industrials,Equity,"$10,119,000",0.02,"10,119,000.32","659,648.00",15.34,United States,NYSE,USD,1,--,,-2.97%,-22.29%,-22.21%,-19.90%,-45.37%,-0.90
UNM,UNUM,Financials,Equity,"$10,114,497",0.02,"10,114,496.86","110,674.00",91.39,United States,NYSE,USD,1,--,20.79,2.10%,13.82%,18.33%,29.65%,81.33%,4.29
TOL,TOLL BROTHERS INC,Consumer Discretionary,Equity,"$10,092,080",0.02,"10,092,079.92","65,858.00",153.24,United States,NYSE,USD,1,--,11.73,-1.22%,8.22%,13.03%,21.74%,90.93%,13.21
REG,REGENCY CENTERS REIT CORP,Real Estate,Equity,"$10,072,201",0.02,"10,072,200.58","126,806.00",79.43,United States,NASDAQ,USD,1,--,26.67,-0.51%,0.44%,16.88%,8.51%,19.19%,2.96
GL,GLOBE LIFE,Financials,Equity,"$10,030,458",0.02,"10,030,457.70","54,543.00",183.9,United States,NYSE,USD,1,--,12.21,3.91%,19.11%,32.86%,30.21%,59.41%,15.06
LII,LENNOX INTERNATIONAL INC,Industrials,Equity,"$9,995,361",0.02,"9,995,360.76","22,374.00",446.74,United States,NYSE,USD,1,--,19.70,-21.35%,-17.48%,-10.46%,-24.91%,18.45%,22.68
BG,BUNGE GLOBAL SA,Consumer Staples,Equity,"$9,979,255",0.02,"9,979,255.00","93,500.00",106.73,United States,NYSE,USD,1,--,20.74,-1.88%,-15.33%,15.21%,31.81%,-7.98%,5.14
ALB,ALBEMARLE CORP,Materials,Equity,"$9,959,193",0.02,"9,959,192.60","82,430.00",120.82,United States,NYSE,USD,1,--,,-9.70%,-37.27%,-16.06%,79.52%,-38.59%,-3.41
ALLE,ALLEGION PLC,Industrials,Equity,"$9,894,150",0.02,"9,894,150.24","59,834.00",165.36,United States,NYSE,USD,1,--,22.12,18.00%,22.19%,2.77%,0.53%,46.05%,7.62
ONTO,ONTO INNOVATION,Information Technology,Equity,"$9,886,538",0.02,"9,886,537.60","34,376.00",287.6,United States,NYSE,USD,1,--,128.13,-5.35%,-2.19%,73.39%,219.56%,135.97%,2.15
SGI,SOMNIGROUP INTERNATIONAL,Consumer Discretionary,Equity,"$9,886,781",0.02,"9,886,780.92","141,868.00",69.69,United States,NYSE,USD,1,--,28.38,-10.88%,-11.36%,-21.47%,-5.36%,53.67%,2.45
AIZ,ASSURANT INC,Financials,Equity,"$9,850,070",0.02,"9,850,069.65","35,015.00",281.31,United States,NYSE,USD,1,--,13.68,0.73%,18.89%,18.34%,33.93%,97.97%,22.05
RL,RALPH LAUREN CLASS A,Consumer Discretionary,Equity,"$9,838,769",0.02,"9,838,769.28","26,034.00",377.92,United States,NYSE,USD,1,--,25.21,-4.64%,1.55%,4.25%,24.74%,187.13%,15.11
RIVN,RIVIAN AUTOMOTIVE INC CLASS A,Consumer Discretionary,Equity,"$9,832,254",0.02,"9,832,254.24","623,874.00",15.76,United States,NASDAQ,USD,1,--,,-21.75%,8.84%,-18.80%,35.40%,-35.09%,-2.58
DECK,DECKERS OUTDOOR,Consumer Discretionary,Equity,"$9,829,904",0.02,"9,829,904.49","98,427.00",99.87,United States,NYSE,USD,1,--,14.09,-5.49%,-3.90%,-6.48%,-5.53%,5.95%,7.05
SN,SHARKNINJA,Consumer Discretionary,Equity,"$9,787,481",0.02,"9,787,480.67","58,193.00",168.19,United States,NYSE,USD,1,--,36.71,12.94%,45.63%,47.73%,47.33%,458.77%,4.96
EXEL,EXELIXIS INC,Health Care,Equity,"$9,755,424",0.02,"9,755,424.00","174,204.00",56,United States,NASDAQ,USD,1,--,18.79,0.85%,14.99%,28.50%,48.50%,176.54%,3.02
TXRH,TEXAS ROADHOUSE INC,Consumer Discretionary,Equity,"$9,738,552",0.02,"9,738,551.84","46,766.00",208.24,United States,NASDAQ,USD,1,--,33.32,11.95%,30.40%,21.52%,12.93%,90.10%,6.26
BBIO,BRIDGEBIO PHARMA,Health Care,Equity,"$9,694,601",0.02,"9,694,600.82","118,126.00",82.07,United States,NASDAQ,USD,1,--,,5.56%,20.53%,4.90%,83.15%,165.08%,-3.75
TRMB,TRIMBLE INC,Information Technology,Equity,"$9,664,399",0.02,"9,664,398.85","161,585.00",59.81,United States,NASDAQ,USD,1,--,30.73,13.99%,-5.69%,-23.64%,-28.91%,8.61%,1.91
GGG,GRACO,Industrials,Equity,"$9,579,896",0.02,"9,579,896.28","116,388.00",82.31,United States,NYSE,USD,1,--,25.92,8.77%,2.43%,-0.40%,-1.32%,5.20%,3.18
DTM,DT MIDSTREAM INC,Energy,Equity,"$9,577,856",0.02,"9,577,856.10","71,026.00",134.85,United States,NYSE,USD,1,--,29.17,-6.50%,-6.73%,11.46%,29.25%,156.22%,4.56
DINO,HF SINCLAIR,Energy,Equity,"$9,542,031",0.02,"9,542,031.25","108,125.00",88.25,United States,NYSE,USD,1,--,7.92,18.54%,24.16%,88.37%,103.53%,56.53%,10.48
DT,DYNATRACE INC,Information Technology,Equity,"$9,522,581",0.02,"9,522,581.46","208,326.00",45.71,United States,NYSE,USD,1,--,94.96,0.42%,19.63%,7.93%,-9.54%,-5.32%,0.54
GWRE,GUIDEWIRE SOFTWARE,Information Technology,Equity,"$9,519,689",0.02,"9,519,688.73","59,383.00",160.31,United States,NYSE,USD,1,--,86.52,16.51%,22.29%,-14.56%,-28.93%,88.78%,1.85
EQH,EQUITABLE HOLDINGS INC,Financials,Equity,"$9,491,306",0.02,"9,491,305.75","196,711.00",48.25,United States,NYSE,USD,1,--,,1.62%,10.36%,0.58%,-5.67%,65.92%,-2.84
CCK,CROWN HOLDINGS INC,Materials,Equity,"$9,475,124",0.02,"9,475,124.12","77,882.00",121.66,United States,NYSE,USD,1,--,17.58,7.40%,20.35%,16.78%,22.23%,34.79%,6.95
RNR,RENAISSANCERE HOLDING,Financials,Equity,"$9,475,859",0.02,"9,475,859.25","29,451.00",321.75,United States,NYSE,USD,1,--,5.56,-0.42%,6.32%,18.19%,33.09%,64.18%,58.20
LAMR,LAMAR ADVERTISING COMPANY CLAS,Real Estate,Equity,"$9,474,214",0.02,"9,474,214.20","59,620.00",158.91,United States,NASDAQ,USD,1,--,29.21,0.57%,12.58%,28.03%,27.58%,76.14%,5.41
AVY,AVERY DENNISON CORP,Materials,Equity,"$9,461,140",0.02,"9,461,140.20","54,594.00",173.3,United States,NYSE,USD,1,--,19.22,4.37%,3.97%,-5.01%,3.39%,-7.27%,9.14
TTMI,TTM TECHNOLOGIES INC,Information Technology,Equity,"$9,454,250",0.02,"9,454,249.63","71,197.00",132.79,United States,NASDAQ,USD,1,--,71.35,-11.11%,-19.35%,88.06%,207.31%,787.04%,1.84
RKT,ROCKET COMPANIES INC CLASS A,Financials,Equity,"$9,340,834",0.02,"9,340,834.11","662,001.00",14.11,United States,NYSE,USD,1,--,234.76,-9.26%,-3.69%,-29.02%,-22.13%,21.85%,0.06
CG,CARLYLE GROUP INC,Financials,Equity,"$9,296,238",0.02,"9,296,238.00","183,575.00",50.64,United States,NASDAQ,USD,1,--,34.06,14.99%,-0.31%,-16.79%,-19.49%,53.83%,1.46
MKC,MCCORMICK & CO NON-VOTING,Consumer Staples,Equity,"$9,297,343",0.02,"9,297,343.34","178,589.00",52.06,United States,NYSE,USD,1,--,8.74,0.54%,7.36%,-22.62%,-25.02%,-40.58%,6.01
MEDP,MEDPACE HOLDINGS,Health Care,Equity,"$9,287,542",0.02,"9,287,542.00","16,150.00",575.08,United States,NASDAQ,USD,1,--,34.48,1.77%,34.75%,0.71%,33.62%,120.85%,17.05
IOT,SAMSARA CLASS A,Information Technology,Equity,"$9,270,176",0.02,"9,270,176.00","240,160.00",38.6,United States,NYSE,USD,1,--,396.50,2.91%,33.47%,13.80%,4.98%,52.63%,0.10
IREN,IREN,Information Technology,Equity,"$9,219,804",0.02,"9,219,804.15","225,699.00",40.85,United States,NASDAQ,USD,1,--,87.96,-6.97%,-33.01%,-4.33%,122.98%,659.29%,0.44
FNF,FIDELITY NATIONAL FINANCIAL INC,Financials,Equity,"$9,214,675",0.02,"9,214,675.41","178,891.00",51.51,United States,NYSE,USD,1,--,18.15,5.75%,0.43%,-5.10%,-8.15%,34.00%,2.82
TYL,TYLER TECHNOLOGIES,Information Technology,Equity,"$9,209,082",0.02,"9,209,082.03","29,391.00",313.33,United States,NYSE,USD,1,--,40.64,-1.78%,-2.28%,-28.11%,-48.78%,-18.21%,7.54
AIT,APPLIED INDUSTRIAL TECHNOLOGIES IN,Industrials,Equity,"$9,165,292",0.02,"9,165,292.09","25,681.00",356.89,United States,NYSE,USD,1,--,33.83,8.63%,13.16%,37.46%,34.69%,150.38%,10.59
SOLV,SOLVENTUM,Health Care,Equity,"$9,121,049",0.02,"9,121,048.86","103,719.00",87.94,United States,NYSE,USD,1,--,10.71,12.83%,23.88%,11.29%,21.18%,,8.16
SITM,SITIME,Information Technology,Equity,"$9,049,674",0.02,"9,049,674.26","15,521.00",583.06,United States,NASDAQ,USD,1,--,,-5.26%,-6.46%,57.60%,176.73%,320.07%,-1.00
BWA,BORGWARNER,Consumer Discretionary,Equity,"$9,023,861",0.02,"9,023,860.80","143,145.00",63.04,United States,NYSE,USD,1,--,40.02,-4.35%,6.11%,35.16%,65.68%,48.71%,1.67
AEIS,ADVANCED ENERGY INDUSTRIES,Information Technology,Equity,"$9,002,796",0.02,"9,002,795.69","26,371.00",341.39,United States,NASDAQ,USD,1,--,61.35,9.83%,-5.38%,53.79%,144.18%,194.89%,5.37
HAS,HASBRO,Consumer Discretionary,Equity,"$8,999,368",0.02,"8,999,367.93","98,343.00",91.51,United States,NASDAQ,USD,1,--,16.32,17.35%,-6.12%,10.29%,18.77%,41.26%,5.58
DKS,DICKS SPORTING,Consumer Discretionary,Equity,"$8,934,335",0.02,"8,934,335.18","44,507.00",200.74,United States,NYSE,USD,1,--,19.04,-12.35%,-11.37%,0.26%,-7.42%,37.64%,10.52
HUBS,HUBSPOT,Information Technology,Equity,"$8,882,884",0.02,"8,882,884.10","35,690.00",248.89,United States,NYSE,USD,1,--,135.00,28.40%,5.84%,-34.88%,-49.48%,-49.63%,1.85
GNRC,GENERAC HOLDINGS,Industrials,Equity,"$8,870,475",0.02,"8,870,474.99","40,573.00",218.63,United States,NYSE,USD,1,--,50.12,-15.20%,-18.24%,54.95%,12.75%,97.66%,4.34
LVS,LAS VEGAS SANDS,Consumer Discretionary,Equity,"$8,870,907",0.02,"8,870,907.24","192,762.00",46.02,United States,NYSE,USD,1,--,17.86,-1.20%,-13.53%,-29.43%,-12.71%,-20.85%,2.57
U,UNITY SOFTWARE,Information Technology,Equity,"$8,871,953",0.02,"8,871,953.22","251,901.00",35.22,United States,NYSE,USD,1,--,,18.79%,29.11%,-20.41%,10.34%,-11.84%,-1.57
HII,HUNTINGTON INGALLS INDUSTRIES,Industrials,Equity,"$8,849,583",0.02,"8,849,582.58","27,393.00",323.06,United States,NYSE,USD,1,--,18.93,9.85%,1.10%,-7.63%,20.77%,40.13%,16.78
APA,APA,Energy,Equity,"$8,841,705",0.02,"8,841,705.00","246,975.00",35.8,United States,NASDAQ,USD,1,--,8.07,10.29%,-6.53%,41.17%,98.23%,-15.11%,4.29
SF,STIFEL FINANCIAL,Financials,Equity,"$8,807,936",0.02,"8,807,935.70","104,794.00",84.05,United States,NYSE,USD,1,--,15.09,11.93%,7.10%,-1.74%,12.74%,98.84%,5.59
CLX,CLOROX,Consumer Staples,Equity,"$8,808,295",0.02,"8,808,294.51","84,153.00",104.67,United States,NYSE,USD,1,--,22.02,7.63%,16.29%,3.79%,-16.60%,-36.08%,4.81
ELAN,ELANCO ANIMAL HEALTH,Health Care,Equity,"$8,791,270",0.02,"8,791,270.40","343,409.00",25.6,United States,NYSE,USD,1,--,,1.87%,-2.22%,13.68%,83.51%,111.22%,-0.51
ECHO,ECHOSTAR CLASS A,Communication,Equity,"$8,793,875",0.02,"8,793,874.80","96,003.00",91.6,United States,NASDAQ,USD,1,--,,-6.81%,-27.16%,-18.35%,239.38%,289.79%,-24.95
WBS,WEBSTER FINANCIAL,Financials,Equity,"$8,781,379",0.02,"8,781,379.30","112,654.00",77.95,United States,NYSE,USD,1,--,12.87,0.45%,6.29%,22.14%,38.75%,68.07%,6.15
RBRK,RUBRIK CLASS A,Information Technology,Equity,"$8,771,217",0.02,"8,771,217.00","108,300.00",80.99,United States,NYSE,USD,1,--,,-7.29%,40.17%,7.31%,-11.75%,,-1.45
ALLY,ALLY FINANCIAL INC,Financials,Equity,"$8,763,332",0.02,"8,763,332.16","194,784.00",44.99,United States,NYSE,USD,1,--,10.54,-2.68%,1.56%,-1.68%,20.88%,53.55%,4.25
PINS,PINTEREST CLASS A,Communication,Equity,"$8,752,785",0.02,"8,752,785.34","342,173.00",25.58,United States,NYSE,USD,1,--,57.78,14.97%,20.89%,-3.69%,-34.58%,-5.85%,0.26
BJ,BJS WHOLESALE CLUB HOLDINGS,Consumer Staples,Equity,"$8,716,574",0.02,"8,716,573.55","90,187.00",96.65,United States,NYSE,USD,1,--,22.21,10.42%,4.54%,5.15%,-11.06%,40.79%,4.35
UDR,UDR REIT,Real Estate,Equity,"$8,698,229",0.02,"8,698,229.25","225,635.00",38.55,United States,NYSE,USD,1,--,24.52,-5.88%,4.08%,5.07%,0.57%,-4.56%,1.57
RVTY,REVVITY,Health Care,Equity,"$8,689,200",0.02,"8,689,199.73","78,007.00",111.39,United States,NYSE,USD,1,--,28.42,-1.38%,12.41%,13.49%,29.67%,-9.29%,4.06
ELS,EQUITY LIFESTYLE PROPERTIES REIT I,Real Estate,Equity,"$8,666,069",0.02,"8,666,069.19","133,509.00",64.91,United States,NYSE,USD,1,--,31.34,-0.11%,2.51%,8.56%,5.80%,-7.46%,2.07
DY,DYCOM INDUSTRIES INC,Industrials,Equity,"$8,611,665",0.02,"8,611,664.76","20,747.00",415.08,United States,NYSE,USD,1,--,38.87,-3.69%,-9.33%,19.43%,53.22%,335.19%,10.51
SJM,JM SMUCKER,Consumer Staples,Equity,"$8,603,716",0.02,"8,603,716.49","72,197.00",119.17,United States,NYSE,USD,1,--,,6.73%,23.07%,23.33%,9.30%,-20.09%,-1.30
FHN,FIRST HORIZON CORP,Financials,Equity,"$8,604,430",0.02,"8,604,429.82","329,798.00",26.09,United States,NYSE,USD,1,--,12.54,0.93%,4.07%,8.12%,21.86%,90.16%,2.09
LULU,LULULEMON ATHLETICA,Consumer Discretionary,Equity,"$8,576,421",0.02,"8,576,421.30","69,710.00",123.03,United States,NASDAQ,USD,1,--,9.97,6.39%,-6.82%,-41.64%,-37.39%,-67.84%,12.38
PEN,PENUMBRA,Health Care,Equity,"$8,571,080",0.02,"8,571,079.92","26,436.00",324.22,United States,NYSE,USD,1,--,79.38,1.88%,0.01%,4.78%,35.10%,28.32%,4.07
AA,ALCOA CORP,Materials,Equity,"$8,562,491",0.02,"8,562,490.86","182,842.00",46.83,United States,NYSE,USD,1,--,9.89,-6.10%,-25.97%,-17.17%,58.48%,37.49%,4.82
FIVE,FIVE BELOW,Consumer Discretionary,Equity,"$8,526,094",0.02,"8,526,094.20","38,354.00",222.3,United States,NASDAQ,USD,1,--,28.28,26.02%,-5.07%,14.91%,64.02%,13.60%,7.93
ASND,ASCENDIS PHARMA,Health Care,Equity,"$8,508,308",0.02,"8,508,307.74","34,786.00",244.59,Denmark,NASDAQ,USD,1,--,27.89,-8.71%,3.68%,14.67%,33.95%,166.73%,8.77
PNW,PINNACLE WEST,Utilities,Equity,"$8,489,437",0.02,"8,489,437.45","83,681.00",101.45,United States,NYSE,USD,1,--,18.94,-5.11%,1.28%,15.10%,9.60%,32.41%,5.21
GLPI,GAMING AND LEISURE PROPERTIES REIT,Real Estate,Equity,"$8,475,915",0.02,"8,475,914.96","190,856.00",44.41,United States,NASDAQ,USD,1,--,12.86,2.00%,-7.56%,-0.02%,-3.06%,-8.51%,3.41
IT,GARTNER,Information Technology,Equity,"$8,469,423",0.02,"8,469,422.94","45,586.00",185.79,United States,NYSE,USD,1,--,18.42,37.51%,23.00%,-21.62%,-23.77%,-45.63%,11.14
ARWR,ARROWHEAD PHARMACEUTICALS,Health Care,Equity,"$8,455,952",0.02,"8,455,952.15","94,385.00",89.59,United States,NASDAQ,USD,1,--,,3.51%,13.20%,32.16%,449.29%,190.78%,-2.15
W,WAYFAIR CLASS A,Consumer Discretionary,Equity,"$8,440,061",0.02,"8,440,060.72","72,709.00",116.08,United States,NYSE,USD,1,--,,24.58%,75.88%,8.93%,51.38%,39.42%,-2.48
CSGP,COSTAR GROUP,Real Estate,Equity,"$8,419,100",0.02,"8,419,100.07","282,378.00",29.82,United States,NASDAQ,USD,1,--,170.56,3.90%,-12.47%,-54.60%,-69.03%,-63.43%,0.18
CHTR,CHARTER COMMUNICATIONS CLASS A,Communication,Equity,"$8,369,868",0.02,"8,369,867.60","54,680.00",153.07,United States,NASDAQ,USD,1,--,3.98,13.02%,-2.20%,-26.86%,-41.59%,-63.51%,38.53
SMTC,SEMTECH,Information Technology,Equity,"$8,365,047",0.02,"8,365,047.40","64,765.00",129.16,United States,NASDAQ,USD,1,--,,-7.01%,8.36%,71.62%,153.40%,370.53%,-0.40
CGNX,COGNEX,Information Technology,Equity,"$8,337,444",0.02,"8,337,444.00","116,575.00",71.52,United States,NASDAQ,USD,1,--,83.68,2.92%,14.87%,93.66%,74.91%,43.01%,0.85
AGNC,AGNC INVESTMENT REIT,Financials,Equity,"$8,300,019",0.02,"8,300,019.28","780,077.00",10.64,United States,NASDAQ,USD,1,--,5.60,-4.74%,-1.39%,-2.65%,12.95%,6.72%,1.91
TW,TRADEWEB MARKETS INC CLASS A,Financials,Equity,"$8,273,523",0.02,"8,273,523.20","82,340.00",100.48,United States,NASDAQ,USD,1,--,24.47,-1.88%,-8.18%,-5.39%,-26.73%,19.68%,4.18
AMH,AMERICAN HOMES RENT REIT CLASS A,Real Estate,Equity,"$8,233,126",0.02,"8,233,126.02","238,434.00",34.53,United States,NYSE,USD,1,--,27.35,2.28%,6.44%,8.18%,-0.89%,-5.81%,1.26
PODD,INSULET,Health Care,Equity,"$8,233,568",0.02,"8,233,567.92","49,356.00",166.82,United States,NASDAQ,USD,1,--,31.02,4.41%,10.27%,-41.04%,-39.84%,-36.05%,4.30
GDDY,GODADDY CLASS A,Information Technology,Equity,"$8,201,536",0.02,"8,201,536.31","92,059.00",89.09,United States,NYSE,USD,1,--,13.61,4.06%,4.57%,-24.83%,-42.46%,25.73%,6.74
FOXA,FOX CLASS A,Communication,Equity,"$8,196,523",0.02,"8,196,522.88","138,736.00",59.08,United States,NASDAQ,USD,1,--,15.50,5.75%,-5.03%,-19.90%,9.00%,78.60%,3.79
WSO,WATSCO,Industrials,Equity,"$8,179,729",0.02,"8,179,728.84","24,412.00",335.07,United States,NYSE,USD,1,--,27.44,-16.04%,-22.45%,-3.53%,-19.85%,-7.89%,12.14
NYT,NEW YORK TIMES CLASS A,Communication,Equity,"$8,134,729",0.02,"8,134,728.68","107,588.00",75.61,United States,NYSE,USD,1,--,28.19,3.19%,-9.64%,8.29%,22.05%,85.23%,2.32
JKHY,JACK HENRY AND ASSOCIATES INC,Financials,Equity,"$8,119,386",0.02,"8,119,385.94","51,838.00",156.63,United States,NASDAQ,USD,1,--,21.58,7.00%,9.62%,-12.18%,-6.07%,-8.94%,7.15
EVR,EVERCORE CLASS A,Financials,Equity,"$8,103,237",0.02,"8,103,237.12","25,344.00",319.73,United States,NYSE,USD,1,--,17.98,-10.06%,-4.08%,-8.98%,6.68%,128.64%,17.73
OC,OWENS CORNING,Industrials,Equity,"$8,103,256",0.02,"8,103,255.93","55,681.00",145.53,United States,NYSE,USD,1,--,,-0.86%,18.29%,27.49%,-1.49%,2.08%,-6.62
ARW,ARROW ELECTRONICS,Information Technology,Equity,"$8,095,262",0.02,"8,095,262.19","35,557.00",227.67,United States,NYSE,USD,1,--,16.23,15.09%,18.67%,101.41%,95.91%,80.08%,13.98
ALGN,ALIGN TECHNOLOGY,Health Care,Equity,"$8,085,471",0.02,"8,085,471.28","46,664.00",173.27,United States,NASDAQ,USD,1,--,30.32,-8.03%,-0.39%,11.05%,26.57%,-52.04%,5.77
CACI,CACI INTERNATIONAL INC CLASS A,Industrials,Equity,"$8,087,728",0.02,"8,087,727.51","15,429.00",524.19,United States,NYSE,USD,1,--,21.37,3.75%,4.96%,-2.46%,10.29%,46.45%,24.16
TECH,BIO TECHNE,Health Care,Equity,"$8,047,263",0.02,"8,047,262.52","111,628.00",72.09,United States,NASDAQ,USD,1,--,104.39,1.65%,52.06%,20.85%,44.56%,-11.32%,0.69
SCI,SERVICE,Consumer Discretionary,Equity,"$8,020,378",0.02,"8,020,377.60","93,696.00",85.6,United States,NYSE,USD,1,--,22.26,10.05%,9.13%,10.88%,8.16%,36.09%,3.83
CRL,CHARLES RIVER LABORATORIES INTERNA,Health Care,Equity,"$8,023,058",0.02,"8,023,058.28","34,269.00",234.12,United States,NYSE,USD,1,--,,1.16%,28.83%,15.66%,55.74%,14.05%,-3.76
BMRN,BIOMARIN PHARMACEUTICAL,Health Care,Equity,"$8,016,679",0.02,"8,016,679.44","132,027.00",60.72,United States,NASDAQ,USD,1,--,43.72,3.28%,11.21%,2.14%,0.08%,-30.87%,1.37
DCI,DONALDSON,Industrials,Equity,"$8,016,958",0.02,"8,016,958.46","81,689.00",98.14,United States,NYSE,USD,1,--,26.14,7.41%,11.96%,9.13%,36.08%,56.57%,3.72
ROL,ROLLINS INC,Industrials,Equity,"$7,994,735",0.02,"7,994,735.45","211,445.00",37.81,United States,NYSE,USD,1,--,34.11,-11.51%,-30.23%,-35.93%,-35.18%,-6.46%,1.10
BPOP,POPULAR INC,Financials,Equity,"$7,995,808",0.02,"7,995,808.15","45,485.00",175.79,United States,NASDAQ,USD,1,--,11.99,4.21%,17.16%,39.56%,53.78%,139.92%,14.81
IVZ,INVESCO LTD,Financials,Equity,"$7,992,320",0.02,"7,992,320.00","249,760.00",32,United States,NYSE,USD,1,--,,14.98%,17.00%,18.78%,51.66%,88.46%,-0.70
TKO,TKO GROUP HOLDINGS INC CLASS A,Communication,Equity,"$7,978,028",0.02,"7,978,027.89","43,239.00",184.51,United States,NYSE,USD,1,--,62.67,-4.05%,-3.13%,-10.84%,18.57%,,2.92
DKNG,DRAFTKINGS CLASS A,Consumer Discretionary,Equity,"$7,963,889",0.02,"7,963,889.10","337,310.00",23.61,United States,NASDAQ,USD,1,--,224.38,-9.92%,-1.30%,-33.79%,-47.95%,-25.36%,0.10
MANH,MANHATTAN ASSOCIATES,Information Technology,Equity,"$7,946,548",0.02,"7,946,547.84","41,952.00",189.42,United States,NASDAQ,USD,1,--,54.99,23.15%,37.46%,13.24%,-12.30%,0.13%,3.49
WTRG,ESSENTIAL UTILITIES INC,Utilities,Equity,"$7,910,259",0.02,"7,910,259.36","199,956.00",39.56,United States,NYSE,USD,1,--,20.10,2.33%,5.38%,2.30%,4.35%,-3.39%,1.97
CRCL,CIRCLE INTERNET GROUP CLASS A,Information Technology,Equity,"$7,903,910",0.02,"7,903,909.75","124,963.00",63.25,United States,NYSE,USD,1,--,,-7.87%,-48.07%,-24.22%,-60.89%,,-2.91
LFUS,LITTELFUSE,Information Technology,Equity,"$7,885,040",0.02,"7,885,039.84","16,904.00",466.46,United States,NASDAQ,USD,1,--,,10.53%,5.61%,77.67%,87.20%,81.74%,-0.50
KNX,KNIGHT-SWIFT TRANSPORTATION HOLDIN,Industrials,Equity,"$7,799,991",0.02,"7,799,990.96","108,908.00",71.62,United States,NYSE,USD,1,--,269.39,-4.26%,11.44%,37.12%,68.44%,18.26%,0.26
DOCU,DOCUSIGN,Information Technology,Equity,"$7,785,277",0.02,"7,785,277.08","135,302.00",57.54,United States,NASDAQ,USD,1,--,37.33,22.69%,23.66%,-11.27%,-23.42%,11.71%,1.54
BXP,BXP,Real Estate,Equity,"$7,771,368",0.02,"7,771,367.89","109,967.00",70.67,United States,NYSE,USD,1,--,37.63,1.00%,18.10%,4.20%,7.04%,1.32%,1.86
AAL,AMERICAN AIRLINES GROUP,Industrials,Equity,"$7,701,096",0.02,"7,701,095.52","465,042.00",16.56,United States,NASDAQ,USD,1,--,,-6.70%,27.98%,6.98%,41.06%,3.56%,-0.49
DPZ,DOMINOS PIZZA,Consumer Discretionary,Equity,"$7,655,527",0.02,"7,655,527.12","20,824.00",367.63,United States,NASDAQ,USD,1,--,20.77,20.18%,13.24%,-13.56%,-17.16%,-7.79%,17.65
GFL,GFL ENVIRONMENTAL SUBORDINATE VOTI,Industrials,Equity,"$7,642,765",0.02,"7,642,764.66","181,711.00",42.06,Canada,NYSE,USD,1,--,,3.88%,15.58%,-1.91%,-16.80%,25.70%,
CPT,CAMDEN PROPERTY TRUST REIT,Real Estate,Equity,"$7,643,194",0.02,"7,643,194.17","68,839.00",111.03,United States,NYSE,USD,1,--,36.92,-5.06%,5.93%,0.78%,4.28%,1.03%,3.03
CR,CRANE,Industrials,Equity,"$7,635,311",0.02,"7,635,311.10","34,071.00",224.1,United States,NYSE,USD,1,--,38.93,1.84%,23.40%,19.50%,15.26%,145.05%,5.73
EHC,ENCOMPASS HEALTH CORP,Health Care,Equity,"$7,624,942",0.02,"7,624,942.00","69,004.00",110.5,United States,NYSE,USD,1,--,18.55,3.28%,5.23%,3.88%,-5.12%,54.18%,5.98
PNR,PENTAIR,Industrials,Equity,"$7,628,467",0.02,"7,628,466.56","111,397.00",68.48,United States,NYSE,USD,1,--,17.37,-9.33%,-14.30%,-35.07%,-33.22%,-3.93%,3.97
WTFC,WINTRUST FINANCIAL CORP,Financials,Equity,"$7,579,409",0.02,"7,579,408.76","46,508.00",162.97,United States,NASDAQ,USD,1,--,12.97,0.11%,6.32%,14.24%,30.36%,90.97%,12.45
AYI,ACUITY,Industrials,Equity,"$7,571,158",0.02,"7,571,157.60","21,720.00",348.58,United States,NYSE,USD,1,--,23.82,-1.60%,17.86%,-6.63%,13.16%,108.54%,15.07
RMBS,RAMBUS,Information Technology,Equity,"$7,552,713",0.02,"7,552,712.70","75,114.00",100.55,United States,NASDAQ,USD,1,--,44.57,-11.21%,-22.68%,1.28%,40.51%,87.21%,2.18
SEIC,SEI INVESTMENTS,Financials,Equity,"$7,511,461",0.02,"7,511,460.88","71,729.00",104.72,United States,NASDAQ,USD,1,--,18.49,10.24%,14.86%,26.15%,18.73%,66.06%,5.67
EGP,EASTGROUP PROPERTIES REIT,Real Estate,Equity,"$7,486,710",0.01,"7,486,709.73","36,669.00",204.17,United States,NYSE,USD,1,--,35.58,-3.80%,0.58%,13.49%,26.07%,15.72%,5.70
WMS,ADVANCED DRAINAGE SYSTEMS INC,Industrials,Equity,"$7,416,369",0.01,"7,416,368.75","49,525.00",149.75,United States,NYSE,USD,1,--,27.42,-1.05%,0.69%,0.08%,31.46%,11.62%,5.45
SSB,SOUTHSTATE BANK CORP,Financials,Equity,"$7,413,554",0.01,"7,413,554.21","67,747.00",109.43,United States,NYSE,USD,1,--,11.46,8.52%,10.93%,16.13%,17.58%,38.99%,9.53
NWSA,NEWS CLASS A,Communication,Equity,"$7,402,551",0.01,"7,402,551.39","258,921.00",28.59,United States,NASDAQ,USD,1,--,14.47,7.32%,9.12%,9.16%,-2.85%,41.46%,1.03
FRT,FEDERAL REALTY INVESTMENT TRUST RE,Real Estate,Equity,"$7,371,288",0.01,"7,371,287.94","60,017.00",122.82,United States,NYSE,USD,1,--,24.64,1.87%,5.18%,24.02%,31.81%,18.18%,4.94
SANM,SANMINA CORP,Information Technology,Equity,"$7,355,287",0.01,"7,355,286.84","35,454.00",207.46,United States,NASDAQ,USD,1,--,35.64,-4.66%,-13.03%,30.24%,76.55%,275.70%,5.59
SPXC,SPX TECHNOLOGIES INC,Industrials,Equity,"$7,340,604",0.01,"7,340,604.33","33,989.00",215.97,United States,NYSE,USD,1,--,38.71,-6.99%,1.52%,6.25%,6.11%,158.21%,5.55
MOD,MODINE MANUFACTURING,Industrials,Equity,"$7,326,914",0.01,"7,326,914.04","36,324.00",201.71,United States,NYSE,USD,1,--,73.41,-14.24%,-26.44%,43.25%,47.68%,356.36%,2.65
ZION,ZIONS BANCORPORATION,Financials,Equity,"$7,328,363",0.01,"7,328,362.93","102,109.00",71.77,United States,NASDAQ,USD,1,--,,1.66%,12.16%,21.13%,39.31%,88.18%,
DOCN,DIGITALOCEAN HOLDINGS,Information Technology,Equity,"$7,301,490",0.01,"7,301,489.61","56,649.00",128.89,United States,NYSE,USD,1,--,54.44,-1.89%,-19.94%,163.20%,253.41%,262.05%,2.19
AHR,AMERICAN HEALTHCARE REIT,Real Estate,Equity,"$7,264,882",0.01,"7,264,881.78","133,374.00",54.47,United States,NYSE,USD,1,--,96.13,1.19%,8.90%,15.30%,37.38%,,0.58
AES,AES,Utilities,Equity,"$7,261,036",0.01,"7,261,036.28","494,621.00",14.68,United States,NYSE,USD,1,--,7.81,0.75%,2.37%,-0.94%,14.33%,-25.48%,2.63
AR,ANTERO RESOURCES,Energy,Equity,"$7,239,609",0.01,"7,239,609.43","202,847.00",35.69,United States,NYSE,USD,1,--,9.86,2.91%,-3.12%,4.33%,8.09%,28.98%,3.48
CORT,CORCEPT THERAPEUTICS,Health Care,Equity,"$7,240,651",0.01,"7,240,651.20","65,944.00",109.8,United States,NASDAQ,USD,1,--,259.81,19.86%,110.55%,187.43%,55.70%,263.22%,0.43
COKE,COCA COLA CONSOLIDATED INC,Consumer Staples,Equity,"$7,220,995",0.01,"7,220,995.00","39,895.00",181,United States,NASDAQ,USD,1,--,28.51,-3.66%,-14.02%,20.80%,59.46%,153.79%,6.48
ALSN,ALLISON TRANSMISSION HOLDINGS,Industrials,Equity,"$7,200,737",0.01,"7,200,736.88","58,724.00",122.62,United States,NYSE,USD,1,--,18.81,5.16%,-3.98%,23.93%,38.91%,107.90%,6.28
BMNR,BITMINE IMMERSION TECHNOLOGIES,Information Technology,Equity,"$7,128,576",0.01,"7,128,576.40","393,844.00",18.1,United States,NYSE,USD,1,--,,16.40%,-21.00%,-41.97%,-52.95%,65.60%,-20.88
SOLS,SOLSTICE ADVANCED MATERIALS INC,Materials,Equity,"$7,111,953",0.01,"7,111,953.28","111,964.00",63.52,United States,NASDAQ,USD,1,--,47.46,-6.66%,-22.55%,28.90%,,,1.32
AAOI,APPLIED OPTOELECTRONICS,Information Technology,Equity,"$7,096,173",0.01,"7,096,173.30","53,910.00",131.63,United States,NASDAQ,USD,1,--,,6.70%,-26.27%,232.40%,466.64%,963.25%,-0.66
FLS,FLOWSERVE,Industrials,Equity,"$7,093,474",0.01,"7,093,473.50","89,170.00",79.55,United States,NYSE,USD,1,--,27.59,6.48%,8.41%,12.44%,47.92%,102.26%,2.85
MUSA,MURPHY USA,Consumer Discretionary,Equity,"$7,070,943",0.01,"7,070,942.76","11,994.00",589.54,United States,NYSE,USD,1,--,20.07,4.70%,2.28%,45.45%,60.38%,94.72%,28.94
APTV,APTIV PLC,Consumer Discretionary,Equity,"$7,057,597",0.01,"7,057,597.12","147,896.00",47.72,United States,NYSE,USD,1,--,44.39,-20.11%,-15.99%,-28.19%,-13.49%,-47.43%,1.06
R,RYDER SYSTEM,Industrials,Equity,"$7,047,398",0.01,"7,047,398.40","26,218.00",268.8,United States,NYSE,USD,1,--,21.74,2.40%,11.28%,38.43%,50.49%,161.63%,12.22
ORI,OLD REPUBLIC INTERNATIONAL,Financials,Equity,"$6,964,004",0.01,"6,964,003.54","160,387.00",43.42,United States,NYSE,USD,1,--,9.54,4.45%,10.77%,0.35%,16.35%,55.68%,4.56
PRI,PRIMERICA,Financials,Equity,"$6,958,259",0.01,"6,958,258.65","21,871.00",318.15,United States,NYSE,USD,1,--,13.44,6.34%,14.94%,22.97%,19.09%,47.46%,23.86
ENSG,ENSIGN GROUP INC,Health Care,Equity,"$6,952,379",0.01,"6,952,379.49","39,473.00",176.13,United States,NASDAQ,USD,1,--,28.00,5.57%,0.11%,1.27%,11.38%,81.54%,6.38
SWKS,SKYWORKS SOLUTIONS,Information Technology,Equity,"$6,953,307",0.01,"6,953,306.53","104,107.00",66.79,United States,NASDAQ,USD,1,--,34.69,7.88%,2.80%,3.71%,-1.08%,-39.38%,1.93
CFR,CULLEN FROST BANKERS INC,Financials,Equity,"$6,941,903",0.01,"6,941,902.82","41,257.00",168.26,United States,NYSE,USD,1,--,15.71,7.68%,19.55%,31.28%,36.07%,53.69%,10.57
FDS,FACTSET RESEARCH SYSTEMS,Financials,Equity,"$6,943,499",0.01,"6,943,499.04","25,296.00",274.49,United States,NYSE,USD,1,--,18.32,8.84%,29.60%,-3.65%,-29.96%,-35.38%,15.17
SAIA,SAIA INC,Industrials,Equity,"$6,907,886",0.01,"6,907,885.82","18,454.00",374.33,United States,NASDAQ,USD,1,--,34.41,-10.42%,-16.70%,11.02%,27.01%,-12.76%,10.37
CNH,CNH INDUSTRIAL N.V. NV,Industrials,Equity,"$6,889,652",0.01,"6,889,652.22","614,051.00",11.22,United States,NYSE,USD,1,--,43.20,3.22%,3.70%,20.00%,-9.66%,-19.86%,0.25
MOH,MOLINA HEALTHCARE INC,Health Care,Equity,"$6,856,620",0.01,"6,856,620.16","35,831.00",191.36,United States,NYSE,USD,1,--,,-15.96%,-3.08%,7.23%,25.64%,-38.47%,-0.21
MTCH,MATCH GROUP INC,Communication,Equity,"$6,853,098",0.01,"6,853,098.24","166,176.00",41.24,United States,NASDAQ,USD,1,--,14.56,9.48%,8.53%,29.93%,10.65%,-5.06%,2.62
AMG,AFFILIATED MANAGERS GROUP,Financials,Equity,"$6,834,078",0.01,"6,834,078.08","17,824.00",383.42,United States,NYSE,USD,1,--,15.86,7.52%,25.29%,32.74%,79.27%,171.68%,23.69
OSK,OSHKOSH CORP,Industrials,Equity,"$6,822,022",0.01,"6,822,021.60","43,530.00",156.72,United States,NYSE,USD,1,--,17.49,8.67%,0.01%,18.53%,14.44%,47.65%,8.74
WTS,WATTS WATER TECHNOLOGIES CLASS A,Industrials,Equity,"$6,816,243",0.01,"6,816,243.15","19,035.00",358.09,United States,NYSE,USD,1,--,33.27,-3.10%,22.64%,28.54%,35.78%,86.51%,10.94
HALO,HALOZYME THERAPEUTICS,Health Care,Equity,"$6,806,216",0.01,"6,806,216.48","81,776.00",83.23,United States,NASDAQ,USD,1,--,30.07,3.03%,25.44%,18.38%,33.55%,98.12%,2.78
OGE,OGE ENERGY,Utilities,Equity,"$6,807,937",0.01,"6,807,937.44","143,688.00",47.38,United States,NYSE,USD,1,--,20.57,-1.82%,-0.73%,10.49%,3.88%,36.70%,2.29
HL,HECLA MINING,Materials,Equity,"$6,799,733",0.01,"6,799,732.92","441,828.00",15.39,United States,NYSE,USD,1,--,40.32,-6.50%,-15.21%,-18.44%,151.88%,198.26%,0.49
ACM,AECOM,Industrials,Equity,"$6,789,548",0.01,"6,789,548.25","89,631.00",75.75,United States,NYSE,USD,1,--,19.49,8.82%,-9.74%,-21.42%,-36.25%,-12.98%,3.84
BRX,BRIXMOR PROPERTY GROUP REIT INC,Real Estate,Equity,"$6,776,349",0.01,"6,776,349.40","217,330.00",31.18,United States,NYSE,USD,1,--,22.05,0.55%,2.94%,20.11%,17.57%,36.87%,1.40
BEN,FRANKLIN RESOURCES INC,Financials,Equity,"$6,772,048",0.01,"6,772,047.94","189,322.00",35.77,United States,NYSE,USD,1,--,23.80,3.86%,14.79%,50.29%,42.00%,25.33%,1.47
KTOS,KRATOS DEFENSE AND SECURITY SOLUTI,Industrials,Equity,"$6,703,316",0.01,"6,703,315.71","129,233.00",51.87,United States,NASDAQ,USD,1,--,327.46,-3.12%,-15.69%,-34.58%,-11.98%,210.60%,0.17
DAR,DARLING INGREDIENTS,Consumer Staples,Equity,"$6,686,695",0.01,"6,686,695.05","111,167.00",60.15,United States,NYSE,USD,1,--,15.53,3.90%,-4.69%,59.80%,101.51%,-12.04%,3.72
VMI,VALMONT INDS,Industrials,Equity,"$6,660,802",0.01,"6,660,801.50","13,229.00",503.5,United States,NYSE,USD,1,--,19.33,-10.74%,-3.69%,22.29%,36.72%,97.09%,25.69
TTC,TORO,Industrials,Equity,"$6,614,357",0.01,"6,614,356.59","66,751.00",99.09,United States,NYSE,USD,1,--,28.50,2.09%,3.29%,23.60%,33.29%,-3.70%,3.47
CUBE,CUBESMART REIT,Real Estate,Equity,"$6,567,915",0.01,"6,567,914.76","156,827.00",41.88,United States,NYSE,USD,1,--,28.67,4.10%,3.97%,18.31%,6.03%,0.14%,1.46
RRC,RANGE RESOURCES,Energy,Equity,"$6,548,576",0.01,"6,548,576.10","164,910.00",39.71,United States,NYSE,USD,1,--,10.53,6.46%,-3.55%,12.49%,13.30%,19.03%,3.62
AFG,AMERICAN FINANCIAL GROUP,Financials,Equity,"$6,519,622",0.01,"6,519,622.00","46,370.00",140.6,United States,NYSE,USD,1,--,13.91,-1.01%,6.31%,4.31%,10.14%,23.54%,10.55
FORM,FORMFACTOR INC,Information Technology,Equity,"$6,521,463",0.01,"6,521,463.00","54,210.00",120.3,United States,NASDAQ,USD,1,--,78.73,1.37%,-19.33%,103.24%,335.55%,246.59%,1.45
VIAV,VIAVI SOLUTIONS,Information Technology,Equity,"$6,515,027",0.01,"6,515,026.56","161,583.00",40.32,United States,NASDAQ,USD,1,--,,-4.95%,-23.92%,122.15%,301.59%,267.21%,-0.25
TTEK,TETRA TECH INC,Industrials,Equity,"$6,497,049",0.01,"6,497,049.13","185,471.00",35.03,United States,NASDAQ,USD,1,--,20.62,12.46%,12.93%,4.10%,-6.01%,4.38%,1.66
VOYA,VOYA FINANCIAL,Financials,Equity,"$6,489,531",0.01,"6,489,530.76","64,457.00",100.68,United States,NYSE,USD,1,--,15.12,4.57%,25.13%,33.17%,37.58%,36.63%,6.62
GMED,GLOBUS MEDICAL CLASS A,Health Care,Equity,"$6,421,521",0.01,"6,421,520.82","78,782.00",81.51,United States,NYSE,USD,1,--,18.76,1.25%,-8.64%,-6.63%,54.29%,41.46%,4.29
AXSM,AXSOME THERAPEUTICS,Health Care,Equity,"$6,392,258",0.01,"6,392,257.76","30,128.00",212.17,United States,NASDAQ,USD,1,--,,-12.54%,-4.70%,18.74%,105.47%,198.45%,-3.74
COLB,COLUMBIA BANKING SYSTEM INC,Financials,Equity,"$6,364,898",0.01,"6,364,898.40","200,280.00",31.78,United States,NASDAQ,USD,1,--,12.50,-1.43%,5.23%,12.74%,33.14%,42.00%,2.51
MDGL,MADRIGAL PHARMACEUTICALS,Health Care,Equity,"$6,352,621",0.01,"6,352,620.96","12,516.00",507.56,United States,NASDAQ,USD,1,--,,-4.14%,-5.96%,-14.53%,50.12%,182.78%,-12.87
WAL,WESTERN ALLIANCE,Financials,Equity,"$6,340,435",0.01,"6,340,435.38","75,186.00",84.33,United States,NYSE,USD,1,--,9.31,2.22%,1.20%,-1.33%,8.46%,59.14%,8.91
AVTR,AVANTOR,Health Care,Equity,"$6,337,506",0.01,"6,337,506.24","463,268.00",13.68,United States,NYSE,USD,1,--,,31.92%,62.28%,19.37%,22.36%,-34.10%,-0.85
IONS,IONIS PHARMACEUTICALS,Health Care,Equity,"$6,329,526",0.01,"6,329,525.52","114,936.00",55.07,United States,NASDAQ,USD,1,--,,-33.79%,-28.34%,-30.88%,35.34%,40.77%,-3.47
NCLH,NORWEGIAN CRUISE LINE HOLDINGS,Consumer Discretionary,Equity,"$6,273,461",0.01,"6,273,460.53","312,579.00",20.07,United States,NYSE,USD,1,--,12.84,4.21%,13.07%,-11.90%,-19.11%,8.60%,1.58
BAH,BOOZ ALLEN HAMILTON HOLDING CLASS,Industrials,Equity,"$6,259,418",0.01,"6,259,418.22","85,058.00",73.59,United States,NYSE,USD,1,--,11.29,18.10%,-3.53%,-13.31%,-34.22%,-40.33%,6.37
UHS,UNIVERSAL HEALTH SERVICES INC CLAS,Health Care,Equity,"$6,203,132",0.01,"6,203,132.24","36,952.00",167.87,United States,NYSE,USD,1,--,6.99,6.21%,-0.37%,-23.65%,2.69%,22.81%,24.56
ESI,ELEMENT SOLUTIONS INC,Materials,Equity,"$6,197,083",0.01,"6,197,082.61","159,349.00",38.89,United States,NYSE,USD,1,--,52.24,-8.10%,-12.09%,49.92%,67.85%,88.06%,0.73
NNN,NNN REIT,Real Estate,Equity,"$6,157,666",0.01,"6,157,666.14","130,542.00",47.17,United States,NYSE,USD,1,--,23.03,0.43%,5.50%,19.33%,14.07%,16.53%,2.06
HSIC,HENRY SCHEIN,Health Care,Equity,"$6,138,253",0.01,"6,138,253.24","68,884.00",89.11,United States,NASDAQ,USD,1,--,27.06,2.87%,23.01%,16.00%,34.36%,17.45%,3.43
QGEN,QIAGEN,Health Care,Equity,"$6,096,917",0.01,"6,096,916.89","144,033.00",42.33,Germany,NYSE,USD,1,--,,8.12%,22.91%,-11.02%,-15.32%,-16.13%,
ADC,AGREE REALTY REIT,Real Estate,Equity,"$6,097,815",0.01,"6,097,815.36","79,898.00",76.32,United States,NYSE,USD,1,--,41.00,-1.10%,-0.24%,5.82%,3.58%,17.65%,1.86
CNM,CORE & MAIN INC CLASS A,Industrials,Equity,"$6,034,106",0.01,"6,034,106.40","130,270.00",46.32,United States,NYSE,USD,1,--,19.74,0.74%,-8.58%,-13.27%,-27.10%,42.17%,2.36
PB,PROSPERITY BANCSHARES,Financials,Equity,"$6,026,548",0.01,"6,026,548.08","80,472.00",74.89,United States,NYSE,USD,1,--,13.52,5.36%,6.83%,7.55%,13.37%,19.88%,5.52
ATR,APTARGROUP,Materials,Equity,"$6,028,961",0.01,"6,028,960.96","44,272.00",136.18,United States,NYSE,USD,1,--,24.71,8.07%,11.05%,11.13%,-1.70%,12.28%,5.54
JEF,JEFFERIES FINANCIAL GROUP INC,Financials,Equity,"$5,987,711",0.01,"5,987,710.80","107,480.00",55.71,United States,NYSE,USD,1,--,16.19,1.59%,7.65%,-12.21%,-3.58%,56.62%,3.47
EMN,EASTMAN CHEMICAL,Materials,Equity,"$5,956,044",0.01,"5,956,044.40","80,596.00",73.9,United States,NYSE,USD,1,--,19.09,7.26%,-2.43%,14.86%,21.31%,-12.98%,3.84
MGM,MGM RESORTS INTERNATIONAL,Consumer Discretionary,Equity,"$5,942,228",0.01,"5,942,228.40","129,970.00",45.72,United States,NYSE,USD,1,--,27.42,-2.47%,19.65%,25.29%,30.29%,0.04%,1.62
AUR,AURORA INNOVATION CLASS A,Information Technology,Equity,"$5,942,778",0.01,"5,942,778.03","821,961.00",7.23,United States,NASDAQ,USD,1,--,,6.48%,-0.55%,86.82%,19.70%,136.27%,-0.46
ARE,ALEXANDRIA REAL ESTATE EQUITIES RE,Real Estate,Equity,"$5,886,538",0.01,"5,886,538.11","120,453.00",48.87,United States,NYSE,USD,1,--,,-2.01%,6.63%,-0.20%,-33.83%,-60.66%,-6.06
TIGO,MILLICOM INTERNATIONAL CELLULAR,Communication,Equity,"$5,865,038",0.01,"5,865,037.60","63,160.00",92.86,Sweden,NASDAQ,USD,1,--,12.47,-2.06%,9.58%,64.21%,132.50%,466.22%,7.36
LNC,LINCOLN NATIONAL CORP,Financials,Equity,"$5,863,814",0.01,"5,863,814.00","124,762.00",47,United States,NYSE,USD,1,--,4.06,22.43%,24.93%,4.42%,19.17%,69.98%,11.56
REXR,REXFORD INDUSTRIAL REALTY REIT,Real Estate,Equity,"$5,824,688",0.01,"5,824,688.00","157,424.00",37,United States,NYSE,USD,1,--,,8.00%,2.13%,-5.20%,0.71%,-31.39%,-1.81
ONON,ON HOLDING AG CLASS A,Consumer Discretionary,Equity,"$5,814,920",0.01,"5,814,919.71","154,611.00",37.61,United States,NYSE,USD,1,--,41.35,2.01%,4.30%,-19.89%,-19.65%,6.63%,0.93
LAD,LITHIA MOTORS INC CLASS A,Consumer Discretionary,Equity,"$5,817,494",0.01,"5,817,494.19","15,681.00",370.99,United States,NYSE,USD,1,--,12.24,20.05%,28.17%,11.65%,24.95%,23.29%,30.12
TKR,TIMKEN,Industrials,Equity,"$5,749,907",0.01,"5,749,906.50","43,550.00",132.03,United States,NYSE,USD,1,--,29.88,-7.26%,10.30%,53.01%,79.46%,64.73%,3.69
KMX,CARMAX INC,Consumer Discretionary,Equity,"$5,750,022",0.01,"5,750,022.33","99,983.00",57.51,United States,NYSE,USD,1,--,37.28,14.54%,45.85%,46.37%,2.29%,-32.14%,1.52
AXTA,AXALTA COATING SYSTEMS,Materials,Equity,"$5,753,728",0.01,"5,753,728.24","152,984.00",37.61,United States,NYSE,USD,1,--,23.45,7.43%,31.73%,13.97%,32.10%,28.14%,1.62
FR,FIRST INDUSTRIAL REALTY TRUST,Real Estate,Equity,"$5,702,101",0.01,"5,702,101.05","88,887.00",64.15,United States,NYSE,USD,1,--,23.37,1.76%,2.61%,10.79%,33.20%,23.96%,2.75
QRVO,QORVO,Information Technology,Equity,"$5,667,996",0.01,"5,667,995.52","59,638.00",95.04,United States,NASDAQ,USD,1,--,22.11,9.08%,6.86%,10.17%,12.89%,-10.94%,4.31
TTD,TRADE DESK INC CLASS A,Communication,Equity,"$5,653,275",0.01,"5,653,275.40","292,310.00",19.34,United States,NASDAQ,USD,1,--,21.37,0.16%,-19.45%,-48.67%,-78.41%,-77.46%,0.89
SFM,SPROUTS FARMERS MARKET INC,Consumer Staples,Equity,"$5,628,806",0.01,"5,628,805.86","65,398.00",86.07,United States,NASDAQ,USD,1,--,16.31,-0.58%,9.98%,6.73%,-42.91%,125.37%,5.22
SSD,SIMPSON MANUFACTURING,Industrials,Equity,"$5,608,915",0.01,"5,608,914.56","28,547.00",196.48,United States,NYSE,USD,1,--,21.57,-0.58%,1.13%,19.28%,7.96%,25.11%,9.15
ETSY,ETSY,Consumer Discretionary,Equity,"$5,599,281",0.01,"5,599,281.12","64,784.00",86.43,United States,NYSE,USD,1,--,37.41,15.15%,33.03%,50.89%,53.79%,2.37%,2.30
UGI,UGI,Utilities,Equity,"$5,602,100",0.01,"5,602,099.98","154,626.00",36.23,United States,NYSE,USD,1,--,12.44,3.75%,3.31%,-3.72%,0.17%,48.79%,2.86
KNSL,KINSALE CAPITAL GROUP INC,Financials,Equity,"$5,575,455",0.01,"5,575,454.94","15,367.00",362.82,United States,NYSE,USD,1,--,15.02,4.49%,19.50%,-7.55%,-18.46%,-3.81%,24.70
APLD,APPLIED DIGITAL CORP,Information Technology,Equity,"$5,565,560",0.01,"5,565,559.68","177,984.00",31.27,United States,NASDAQ,USD,1,--,,-6.66%,-29.32%,11.24%,111.43%,295.82%,-0.91
VNOM,VIPER ENERGY INC CLASS A,Energy,Equity,"$5,563,137",0.01,"5,563,137.28","131,392.00",42.34,United States,NASDAQ,USD,1,--,307.60,4.59%,-11.22%,9.18%,10.49%,45.05%,0.13
CBSH,COMMERCE BANCSHARES,Financials,Equity,"$5,556,710",0.01,"5,556,709.60","92,720.00",59.93,United States,NASDAQ,USD,1,--,,2.03%,14.09%,14.72%,4.41%,28.96%,4.07
RGEN,REPLIGEN,Health Care,Equity,"$5,532,574",0.01,"5,532,573.64","36,938.00",149.78,United States,NASDAQ,USD,1,--,216.17,5.88%,19.10%,-8.87%,33.61%,-12.60%,0.73
AWI,ARMSTRONG WORLD INDUSTRIES,Industrials,Equity,"$5,527,564",0.01,"5,527,564.18","30,169.00",183.22,United States,NYSE,USD,1,--,25.48,14.80%,10.22%,-6.92%,-4.01%,133.02%,7.30
BLDR,BUILDERS FIRSTSOURCE INC,Industrials,Equity,"$5,517,461",0.01,"5,517,460.85","73,205.00",75.37,United States,NYSE,USD,1,--,82.51,-8.45%,-5.82%,-27.97%,-42.35%,-50.49%,0.92
GME,GAMESTOP CLASS A,Consumer Discretionary,Equity,"$5,501,437",0.01,"5,501,436.64","286,384.00",19.21,United States,NYSE,USD,1,--,14.46,-15.60%,-23.68%,-6.84%,-15.78%,-8.83%,1.31
THG,HANOVER INSURANCE GROUP,Financials,Equity,"$5,494,852",0.01,"5,494,851.84","24,096.00",228.04,United States,NYSE,USD,1,--,10.95,3.57%,22.36%,27.35%,31.39%,100.81%,20.93
HXL,HEXCEL,Industrials,Equity,"$5,446,210",0.01,"5,446,209.58","52,297.00",104.14,United States,NYSE,USD,1,--,52.53,2.80%,7.94%,35.46%,71.06%,51.21%,1.99
CRBG,COREBRIDGE FINANCIAL INC,Financials,Equity,"$5,435,042",0.01,"5,435,042.00","171,995.00",31.6,United States,NYSE,USD,1,--,60.91,2.56%,12.66%,4.05%,-7.68%,60.73%,0.55
NFG,NATIONAL FUEL GAS,Utilities,Equity,"$5,421,411",0.01,"5,421,410.73","66,447.00",81.59,United States,NYSE,USD,1,--,10.98,4.30%,0.10%,-0.57%,-6.21%,50.17%,7.19
IDA,IDACORP INC,Utilities,Equity,"$5,422,532",0.01,"5,422,531.56","37,508.00",144.57,United States,NYSE,USD,1,--,23.70,-4.32%,0.34%,13.57%,15.71%,46.07%,6.04
RAL,RALLIANT,Information Technology,Equity,"$5,363,708",0.01,"5,363,707.50","80,175.00",66.9,United States,NYSE,USD,1,--,,-3.41%,42.28%,30.61%,53.72%,,-10.93
CHRD,CHORD ENERGY,Energy,Equity,"$5,354,452",0.01,"5,354,452.35","39,115.00",136.89,United States,NASDAQ,USD,1,--,,22.67%,-2.80%,44.58%,30.57%,-14.82%,-1.15
AXS,AXIS CAPITAL HOLDINGS,Financials,Equity,"$5,344,266",0.01,"5,344,266.25","51,511.00",103.75,United States,NYSE,USD,1,--,7.40,-8.23%,4.41%,-0.49%,8.89%,84.64%,14.08
OMF,ONEMAIN HOLDINGS,Financials,Equity,"$5,347,627",0.01,"5,347,627.06","81,743.00",65.42,United States,NYSE,USD,1,--,9.89,8.89%,17.03%,-5.28%,15.95%,45.15%,6.63
OWL,BLUE OWL CAPITAL CLASS A,Financials,Equity,"$5,331,549",0.01,"5,331,548.56","460,808.00",11.57,United States,NYSE,USD,1,--,97.08,21.92%,9.77%,-24.43%,-40.79%,-5.86%,0.12
GTES,GATES INDUSTRIAL PLC,Industrials,Equity,"$5,321,158",0.01,"5,321,158.32","178,323.00",29.84,United States,NYSE,USD,1,--,20.78,9.91%,13.72%,35.27%,23.61%,132.94%,1.41
AVT,AVNET INC,Information Technology,Equity,"$5,264,124",0.01,"5,264,124.23","56,891.00",92.53,United States,NASDAQ,USD,1,--,37.87,12.21%,10.55%,87.54%,87.08%,102.16%,2.57
BROS,DUTCH BROS CLASS A,Consumer Discretionary,Equity,"$5,255,545",0.01,"5,255,545.47","81,977.00",64.11,United States,NYSE,USD,1,--,102.87,-5.85%,8.55%,3.14%,10.94%,129.78%,0.64
WYNN,WYNN RESORTS,Consumer Discretionary,Equity,"$5,241,901",0.01,"5,241,900.80","53,708.00",97.6,United States,NASDAQ,USD,1,--,23.33,1.78%,-9.27%,-20.37%,-8.96%,-7.07%,4.34
HRL,HORMEL FOODS CORP,Consumer Staples,Equity,"$5,205,140",0.01,"5,205,140.08","205,412.00",25.34,United States,NYSE,USD,1,--,29.77,4.37%,22.42%,8.34%,-10.33%,-37.83%,0.85
AM,ANTERO MIDSTREAM,Energy,Equity,"$5,201,655",0.01,"5,201,654.70","238,062.00",21.85,United States,NYSE,USD,1,--,25.40,-1.04%,3.26%,21.79%,16.97%,82.54%,0.83
FAF,FIRST AMERICAN FINANCIAL CORP,Financials,Equity,"$5,182,579",0.01,"5,182,579.35","68,147.00",76.05,United States,NYSE,USD,1,--,10.39,8.50%,8.70%,24.51%,21.37%,20.48%,7.22
AOS,A O SMITH,Industrials,Equity,"$5,141,715",0.01,"5,141,715.06","81,138.00",63.37,United States,NYSE,USD,1,--,17.61,1.47%,3.78%,-7.25%,-10.19%,-14.18%,3.59
DVA,DAVITA INC,Health Care,Equity,"$5,138,667",0.01,"5,138,666.61","22,539.00",227.99,United States,NYSE,USD,1,--,17.52,-3.28%,17.59%,99.10%,78.38%,102.33%,12.21
VNO,VORNADO REALTY TRUST REIT,Real Estate,Equity,"$5,122,955",0.01,"5,122,954.75","125,225.00",40.91,United States,NYSE,USD,1,--,"1,514.04",0.52%,29.63%,22.30%,8.28%,72.91%,0.03
MOS,MOSAIC,Materials,Equity,"$5,110,181",0.01,"5,110,181.49","225,019.00",22.71,United States,NYSE,USD,1,--,182.25,7.22%,-3.61%,-9.23%,-26.58%,-45.54%,0.13
LW,LAMB WESTON HOLDINGS,Consumer Staples,Equity,"$5,085,976",0.01,"5,085,975.66","95,637.00",53.18,United States,NYSE,USD,1,--,25.57,15.38%,23.02%,25.75%,3.36%,-48.42%,2.08
FOX,FOX CLASS B,Communication,Equity,"$5,080,597",0.01,"5,080,597.34","96,187.00",52.82,United States,NASDAQ,USD,1,--,13.79,5.85%,-6.05%,-19.92%,6.71%,69.62%,3.79
CAG,CONAGRA BRANDS,Consumer Staples,Equity,"$5,035,470",0.01,"5,035,470.00","335,698.00",15,United States,NYSE,USD,1,--,,8.77%,6.61%,-13.29%,-20.76%,-53.27%,-4.00
PAYC,PAYCOM SOFTWARE,Industrials,Equity,"$5,016,385",0.01,"5,016,384.80","28,616.00",175.3,United States,NYSE,USD,1,--,20.23,25.30%,38.73%,15.03%,-21.48%,-40.19%,8.64
M,MACYS INC,Consumer Discretionary,Equity,"$4,980,791",0.01,"4,980,791.14","190,034.00",26.21,United States,NYSE,USD,1,--,10.49,10.68%,32.24%,15.21%,116.43%,63.40%,2.43
TPG,TPG INC CLASS A,Financials,Equity,"$4,969,364",0.01,"4,969,363.86","101,457.00",48.98,United States,NASDAQ,USD,1,--,104.80,15.00%,8.80%,-25.51%,-18.66%,64.42%,0.84
NOV,NOV INC,Energy,Equity,"$4,970,374",0.01,"4,970,373.57","248,643.00",19.99,United States,NYSE,USD,1,--,75.02,12.37%,-0.94%,21.82%,67.14%,-1.48%,0.26
ECG,EVERUS CONSTRUCTION GROUP,Industrials,Equity,"$4,960,853",0.01,"4,960,853.44","36,434.00",136.16,United States,NYSE,USD,1,--,32.22,-5.35%,-19.51%,52.68%,86.34%,,4.37
SARO,STANDARDAERO,Industrials,Equity,"$4,946,076",0.01,"4,946,076.20","161,215.00",30.68,United States,NYSE,USD,1,--,35.18,-0.78%,16.83%,3.51%,9.14%,,0.88
PCOR,PROCORE TECHNOLOGIES INC,Information Technology,Equity,"$4,940,833",0.01,"4,940,833.30","88,387.00",55.9,United States,NYSE,USD,1,--,,26.93%,5.55%,-20.19%,-12.20%,-13.63%,-0.26
STAG,STAG INDUSTRIAL REIT,Real Estate,Equity,"$4,936,917",0.01,"4,936,916.70","130,710.00",37.77,United States,NYSE,USD,1,--,28.58,-3.40%,-2.02%,2.30%,8.85%,3.42%,1.30
KEX,KIRBY CORP,Industrials,Equity,"$4,929,335",0.01,"4,929,334.50","37,225.00",132.42,United States,NYSE,USD,1,--,20.14,-0.41%,-7.11%,18.34%,31.34%,59.79%,6.51
CHE,CHEMED CORP,Health Care,Equity,"$4,909,293",0.01,"4,909,293.12","9,096.00",539.72,United States,NYSE,USD,1,--,27.44,12.32%,27.12%,27.36%,25.84%,4.86%,19.92
AMKR,AMKOR TECHNOLOGY,Information Technology,Equity,"$4,896,950",0.01,"4,896,949.63","87,649.00",55.87,United States,NASDAQ,USD,1,--,24.19,-20.05%,-27.65%,30.17%,151.55%,94.94%,2.23
HLI,HOULIHAN LOKEY INC CLASS A,Financials,Equity,"$4,893,379",0.01,"4,893,378.75","38,155.00",128.25,United States,NYSE,USD,1,--,21.50,-9.97%,-12.89%,-27.27%,-33.20%,27.61%,5.96
CART,MAPLEBEAR,Consumer Staples,Equity,"$4,885,189",0.01,"4,885,189.10","107,014.00",45.65,United States,NASDAQ,USD,1,--,25.37,-3.59%,13.67%,3.96%,-4.34%,,1.79
XP,XP CLASS A INC,Financials,Equity,"$4,870,169",0.01,"4,870,169.39","286,987.00",16.97,Brazil,NASDAQ,USD,1,--,8.78,3.48%,-13.29%,4.88%,-0.99%,-35.15%,1.94
MSA,MSA SAFETY,Industrials,Equity,"$4,867,657",0.01,"4,867,656.93","25,191.00",193.23,United States,NYSE,USD,1,--,23.98,12.22%,11.07%,19.10%,8.51%,9.90%,8.04
CLF,CLEVELAND CLIFFS INC,Materials,Equity,"$4,857,428",0.01,"4,857,427.52","394,592.00",12.31,United States,NYSE,USD,1,--,,26.00%,10.40%,-9.49%,31.38%,-24.34%,-1.62
ST,SENSATA TECHNOLOGIES HOLDING PLC,Industrials,Equity,"$4,839,286",0.01,"4,839,285.66","99,451.00",48.66,United States,NYSE,USD,1,--,79.11,5.51%,6.36%,39.47%,65.62%,18.28%,0.60
H,HYATT HOTELS CORP CLASS A,Consumer Discretionary,Equity,"$4,802,644",0.01,"4,802,644.00","27,665.00",173.6,United States,NYSE,USD,1,--,221.93,-10.27%,2.50%,4.85%,27.60%,50.55%,0.81
CRUS,CIRRUS LOGIC,Information Technology,Equity,"$4,802,961",0.01,"4,802,961.27","35,953.00",133.59,United States,NASDAQ,USD,1,--,16.50,-10.24%,-20.34%,11.63%,37.37%,57.09%,7.85
WEX,WEX,Financials,Equity,"$4,795,967",0.01,"4,795,966.50","25,350.00",189.19,United States,NYSE,USD,1,--,18.76,26.40%,31.38%,27.50%,10.03%,-2.76%,10.04
WULF,TERAWULF,Information Technology,Equity,"$4,768,824",0.01,"4,768,823.68","252,586.00",18.88,United States,NASDAQ,USD,1,--,,-14.99%,-26.65%,48.19%,266.60%,683.40%,-2.49
MP,MP MATERIALS CORP CLASS A,Materials,Equity,"$4,764,327",0.01,"4,764,326.55","100,365.00",47.47,United States,NYSE,USD,1,--,,-10.45%,-34.66%,-13.64%,-29.68%,108.84%,-0.42
EXP,EAGLE MATERIALS INC,Materials,Equity,"$4,747,676",0.01,"4,747,676.19","21,981.00",215.99,United States,NYSE,USD,1,--,17.27,-0.71%,-0.49%,2.15%,-2.15%,13.10%,12.64
MHK,MOHAWK INDUSTRIES,Consumer Discretionary,Equity,"$4,738,517",0.01,"4,738,517.40","34,689.00",136.6,United States,NYSE,USD,1,--,17.99,17.57%,30.87%,24.74%,12.72%,28.73%,7.54
POOL,POOL,Consumer Discretionary,Equity,"$4,724,284",0.01,"4,724,283.68","23,222.00",203.44,United States,NASDAQ,USD,1,--,19.00,-5.47%,8.16%,-11.44%,-34.28%,-47.31%,10.88
CROX,CROCS,Consumer Discretionary,Equity,"$4,716,028",0.01,"4,716,028.38","33,402.00",141.19,United States,NASDAQ,USD,1,--,11.85,12.25%,33.51%,62.38%,34.30%,35.14%,11.59
S,SENTINELONE INC CLASS A,Information Technology,Equity,"$4,703,863",0.01,"4,703,862.86","224,207.00",20.98,United States,NYSE,USD,1,--,,15.59%,36.86%,43.31%,21.20%,34.49%,-0.95
FNB,FNB CORP,Financials,Equity,"$4,704,146",0.01,"4,704,146.16","242,732.00",19.38,United States,NYSE,USD,1,--,11.46,1.10%,6.54%,12.74%,30.15%,50.70%,1.68
INGR,INGREDION INC,Consumer Staples,Equity,"$4,688,575",0.01,"4,688,574.93","44,811.00",104.63,United States,NYSE,USD,1,--,9.94,5.38%,-1.64%,-4.70%,-16.42%,-4.53%,10.39
HR,HEALTHCARE REALTY TRUST INC CLASS,Real Estate,Equity,"$4,668,140",0.01,"4,668,140.46","230,298.00",20.27,United States,NYSE,USD,1,--,,-0.64%,0.15%,19.59%,20.15%,2.74%,-0.26
AS,AMER SPORTS INC,Consumer Discretionary,Equity,"$4,646,048",0.01,"4,646,048.06","128,273.00",36.22,United States,NYSE,USD,1,--,45.52,3.96%,-2.61%,-3.41%,-7.08%,,0.81
IESC,IES INC,Industrials,Equity,"$4,621,468",0.01,"4,621,468.08","6,078.00",760.36,United States,NASDAQ,USD,1,--,34.69,13.35%,12.84%,86.86%,131.32%,1078.30%,22.60
RYN,RAYONIER REIT,Real Estate,Equity,"$4,609,072",0.01,"4,609,071.96","210,172.00",21.93,United States,NYSE,USD,1,--,7.39,1.53%,3.49%,1.48%,-8.01%,-31.02%,2.98
AAON,AAON INC,Industrials,Equity,"$4,593,471",0.01,"4,593,470.70","48,074.00",95.55,United States,NASDAQ,USD,1,--,65.52,-12.62%,-2.80%,20.66%,17.25%,51.74%,1.42
FPS,FORGENT POWER SOLUTIONS CLASS A,Industrials,Equity,"$4,566,105",0.01,"4,566,105.40","115,891.00",39.4,United States,NYSE,USD,1,--,450.91,-17.05%,-7.69%,,,,0.09
UHALB,U HAUL NON VOTING SERIES N,Industrials,Equity,"$4,561,886",0.01,"4,561,886.47","70,541.00",64.67,United States,NYSE,USD,1,--,,,,,,,
WFRD,WEATHERFORD INTERNATIONAL PLC,Energy,Equity,"$4,544,056",0.01,"4,544,056.14","50,817.00",89.42,United States,NASDAQ,USD,1,--,17.28,6.58%,-17.49%,10.55%,61.88%,7.55%,5.07
CHYM,CHIME FINANCIAL CLASS A,Financials,Equity,"$4,528,650",0.01,"4,528,649.55","181,509.00",24.95,United States,NASDAQ,USD,1,--,,16.32%,14.82%,-5.49%,-25.50%,,-7.42
TAP,MOLSON COORS BREWING CLASS B,Consumer Staples,Equity,"$4,524,692",0.01,"4,524,691.68","106,992.00",42.29,United States,NYSE,USD,1,--,,8.83%,-1.10%,-10.78%,-15.77%,-34.96%,-10.64
LKQ,LKQ CORP,Consumer Discretionary,Equity,"$4,510,127",0.01,"4,510,127.38","184,162.00",24.49,United States,NASDAQ,USD,1,--,13.39,-5.77%,-14.88%,-18.45%,-18.20%,-54.84%,1.80
FND,FLOOR DECOR HOLDINGS CLASS A,Consumer Discretionary,Equity,"$4,505,822",0.01,"4,505,821.70","74,231.00",60.7,United States,NYSE,USD,1,--,29.25,6.79%,18.97%,-3.60%,-23.87%,-41.59%,2.14
AVAV,AEROVIRONMENT,Industrials,Equity,"$4,500,327",0.01,"4,500,326.52","26,626.00",169.02,United States,NASDAQ,USD,1,--,,-4.42%,-3.07%,-34.03%,-35.76%,72.29%,-5.40
GFS,GLOBALFOUNDRIES,Information Technology,Equity,"$4,501,187",0.01,"4,501,186.56","86,528.00",52.02,United States,NASDAQ,USD,1,--,35.51,-24.51%,-28.05%,41.09%,55.89%,-12.05%,1.39
MTG,MGIC INVESTMENT,Financials,Equity,"$4,490,845",0.01,"4,490,845.00","145,100.00",30.95,United States,NYSE,USD,1,--,9.56,9.71%,17.23%,6.17%,14.50%,71.18%,3.20
AGCO,AGCO,Industrials,Equity,"$4,480,210",0.01,"4,480,209.60","41,793.00",107.2,United States,NYSE,USD,1,--,14.37,-9.40%,-10.84%,1.28%,-5.20%,-17.90%,7.23
MSGS,MADISON SQUARE GARDEN SPORTS CLASS,Communication,Equity,"$4,456,447",0.01,"4,456,446.51","11,283.00",394.97,United States,NYSE,USD,1,--,,2.27%,17.93%,52.58%,94.34%,86.90%,
PL,PLANET LABS CLASS A,Industrials,Equity,"$4,450,663",0.01,"4,450,662.84","194,948.00",22.83,United States,NYSE,USD,1,--,,-26.02%,-42.48%,11.86%,261.23%,575.44%,-1.15
CAVA,CAVA GROUP,Consumer Discretionary,Equity,"$4,440,419",0.01,"4,440,419.36","69,994.00",63.44,United States,NYSE,USD,1,--,,-11.78%,-29.13%,4.77%,-26.37%,19.79%,
PCTY,PAYLOCITY HOLDING CORP,Industrials,Equity,"$4,428,158",0.01,"4,428,158.04","30,897.00",143.32,United States,NASDAQ,USD,1,--,31.52,25.97%,39.78%,-1.63%,-23.28%,-31.20%,4.92
LEA,LEAR,Consumer Discretionary,Equity,"$4,410,195",0.01,"4,410,194.53","35,021.00",125.93,United States,NYSE,USD,1,--,11.67,-5.80%,-8.46%,6.17%,32.28%,-19.02%,10.73
MBGL,MOBILITY GLOBAL INC,Industrials,Equity,"$4,398,784",0.01,"4,398,784.32","207,392.00",21.21,United States,NYSE,USD,1,--,28.91,10.12%,,,,,0.74
LYFT,LYFT CLASS A,Industrials,Equity,"$4,400,057",0.01,"4,400,056.92","263,004.00",16.73,United States,NASDAQ,USD,1,--,2.37,8.71%,17.57%,-15.46%,19.59%,52.51%,6.96
TFX,TELEFLEX,Health Care,Equity,"$4,393,042",0.01,"4,393,042.24","31,352.00",140.12,United States,NYSE,USD,1,--,,4.32%,13.71%,14.48%,25.03%,-41.66%,-22.82
ESTC,ELASTIC,Information Technology,Equity,"$4,364,789",0.01,"4,364,789.44","61,424.00",71.06,United States,NYSE,USD,1,--,20.33,21.39%,44.70%,-2.07%,-11.88%,13.86%,3.43
CZR,CAESARS ENTERTAINMENT INC,Consumer Discretionary,Equity,"$4,344,388",0.01,"4,344,388.32","144,236.00",30.12,United States,NASDAQ,USD,1,--,,-0.07%,8.50%,27.84%,21.06%,-46.36%,-2.27
GXO,GXO LOGISTICS,Industrials,Equity,"$4,287,061",0.01,"4,287,060.57","81,861.00",52.37,United States,NYSE,USD,1,--,41.78,2.37%,4.93%,-3.55%,3.72%,-19.12%,1.14
HRB,H&R BLOCK INC,Consumer Discretionary,Equity,"$4,288,150",0.01,"4,288,149.53","93,079.00",46.07,United States,NYSE,USD,1,--,8.12,17.47%,57.13%,8.12%,-16.14%,33.61%,5.65
LSTR,LANDSTAR SYSTEM,Industrials,Equity,"$4,281,510",0.01,"4,281,509.88","23,574.00",181.62,United States,NASDAQ,USD,1,--,46.45,-10.79%,0.16%,23.74%,37.81%,-8.48%,3.86
FBIN,FORTUNE BRANDS INNOVATIONS INC,Industrials,Equity,"$4,272,026",0.01,"4,272,026.41","81,017.00",52.73,United States,NYSE,USD,1,--,,2.23%,32.06%,3.51%,-6.76%,-26.27%,
POWL,POWELL INDUSTRIES INC,Industrials,Equity,"$4,265,437",0.01,"4,265,437.02","20,179.00",211.38,United States,NASDAQ,USD,1,--,48.66,-14.78%,-34.01%,79.88%,178.31%,676.85%,4.39
OKLO,OKLO CLASS A,Utilities,Equity,"$4,255,439",0.01,"4,255,439.30","98,210.00",43.33,United States,NYSE,USD,1,--,,-16.42%,-45.58%,-44.31%,-47.86%,318.65%,-0.83
ALK,ALASKA AIR GROUP INC,Industrials,Equity,"$4,220,185",0.01,"4,220,185.40","80,308.00",52.55,United States,NYSE,USD,1,--,,4.25%,29.72%,2.00%,-2.69%,12.31%,-1.57
BIO,BIO RAD LABORATORIES CLASS A,Health Care,Equity,"$4,213,928",0.01,"4,213,927.92","12,659.00",332.88,United States,NYSE,USD,1,--,57.31,12.78%,28.52%,9.04%,25.94%,-17.10%,8.25
ULS,UL SOLUTIONS INC CLASS A,Industrials,Equity,"$4,201,139",0.01,"4,201,139.18","53,627.00",78.34,United States,NYSE,USD,1,--,45.91,-12.24%,-25.31%,-3.18%,19.73%,,2.48
MIDD,MIDDLEBY,Industrials,Equity,"$4,194,070",0.01,"4,194,070.38","30,221.00",138.78,United States,NASDAQ,USD,1,--,,-3.73%,21.07%,14.43%,45.84%,17.84%,-8.48
DOX,AMDOCS,Information Technology,Equity,"$4,187,808",0.01,"4,187,807.76","73,833.00",56.72,United States,NASDAQ,USD,1,--,11.07,10.65%,-11.32%,-29.24%,-32.93%,-36.52%,5.00
Z,ZILLOW GROUP CLASS C,Real Estate,Equity,"$4,143,539",0.01,"4,143,538.80","114,210.00",36.28,United States,NASDAQ,USD,1,--,143.93,10.07%,-18.53%,-44.96%,-57.41%,-35.20%,0.25
SON,SONOCO PRODUCTS,Materials,Equity,"$4,143,027",0.01,"4,143,027.12","70,676.00",58.62,United States,NYSE,USD,1,--,9.29,2.84%,12.08%,32.12%,29.18%,1.40%,6.29
FIG,FIGMA CLASS A,Information Technology,Equity,"$4,039,063",0.01,"4,039,062.96","148,933.00",27.12,United States,NYSE,USD,1,--,,28.65%,40.59%,-27.89%,-69.97%,,-3.43
G,GENPACT,Industrials,Equity,"$4,041,586",0.01,"4,041,585.75","112,925.00",35.79,United States,NYSE,USD,1,--,10.85,23.58%,5.89%,-22.04%,-15.19%,-1.24%,3.25
MTDR,MATADOR RESOURCES,Energy,Equity,"$4,033,564",0.01,"4,033,564.00","82,655.00",48.8,United States,NYSE,USD,1,--,12.11,-2.13%,-15.51%,12.55%,4.56%,-16.72%,3.88
RITM,RITHM CAPITAL CORP,Financials,Equity,"$3,989,741",0.01,"3,989,740.75","389,243.00",10.25,United States,NYSE,USD,1,--,,11.05%,4.17%,-6.65%,-15.50%,-0.39%,
MKTX,MARKETAXESS HOLDINGS,Financials,Equity,"$3,989,751",0.01,"3,989,751.25","24,575.00",162.35,United States,NASDAQ,USD,1,--,19.14,39.43%,9.08%,-9.07%,-13.09%,-33.57%,8.48
BSY,BENTLEY SYSTEMS INC CLASS B,Information Technology,Equity,"$3,984,639",0.01,"3,984,639.12","110,439.00",36.08,United States,NASDAQ,USD,1,--,41.19,10.67%,12.50%,-5.43%,-34.66%,-29.31%,0.88
EPAM,EPAM SYSTEMS,Information Technology,Equity,"$3,986,310",0.01,"3,986,310.38","35,573.00",112.06,United States,NYSE,USD,1,--,15.76,29.03%,4.76%,-44.10%,-25.94%,-54.60%,6.97
PATH,UIPATH INC CLASS A,Information Technology,Equity,"$3,959,534",0.01,"3,959,533.80","280,818.00",14.1,United States,NYSE,USD,1,--,22.80,19.19%,34.29%,-11.21%,25.67%,-12.91%,0.61
PRMB,PRIMO BRANDS CLASS A CORP,Consumer Staples,Equity,"$3,959,789",0.01,"3,959,789.09","170,021.00",23.29,United States,NYSE,USD,1,--,160.83,-7.87%,17.63%,43.85%,-11.81%,,0.16
CHWY,CHEWY INC CLASS A,Consumer Discretionary,Equity,"$3,934,590",0.01,"3,934,590.10","163,261.00",24.1,United States,NYSE,USD,1,--,39.88,13.20%,-1.99%,-28.04%,-30.63%,-24.99%,0.60
STWD,STARWOOD PROPERTY TRUST REIT INC,Financials,Equity,"$3,911,229",0.01,"3,911,229.18","240,543.00",16.26,United States,NYSE,USD,1,--,16.79,-2.69%,-11.29%,-11.73%,-16.19%,-21.94%,0.97
BRKR,BRUKER,Health Care,Equity,"$3,904,437",0.01,"3,904,436.90","77,623.00",50.3,United States,NASDAQ,USD,1,--,,-18.00%,18.91%,4.55%,64.06%,-24.64%,-0.24
VICR,VICOR,Industrials,Equity,"$3,900,212",0.01,"3,900,212.08","17,221.00",226.48,United States,NASDAQ,USD,1,--,70.32,-20.63%,-19.21%,93.80%,390.96%,192.99%,3.12
CHDN,CHURCHILL DOWNS,Consumer Discretionary,Equity,"$3,896,398",0.01,"3,896,398.20","45,652.00",85.35,United States,NASDAQ,USD,1,--,14.82,-4.36%,-7.48%,-23.76%,-16.58%,-29.90%,5.83
NXST,NEXSTAR MEDIA GROUP INC,Communication,Equity,"$3,887,713",0.01,"3,887,712.50","19,810.00",196.25,United States,NASDAQ,USD,1,--,41.03,7.37%,-0.49%,-6.03%,4.95%,6.58%,4.63
MSM,MSC INDUSTRIAL CLASS A,Industrials,Equity,"$3,874,442",0.01,"3,874,441.80","30,570.00",126.74,United States,NYSE,USD,1,--,30.39,4.62%,20.69%,47.65%,48.03%,25.30%,4.13
ENPH,ENPHASE ENERGY,Information Technology,Equity,"$3,872,163",0.01,"3,872,162.54","92,702.00",41.77,United States,NASDAQ,USD,1,--,39.35,-6.24%,16.68%,23.76%,38.72%,-69.16%,0.99
WH,WYNDHAM HOTELS RESORTS,Consumer Discretionary,Equity,"$3,836,018",0.01,"3,836,017.62","50,454.00",76.03,United States,NYSE,USD,1,--,27.82,-6.99%,-8.74%,1.01%,-11.04%,0.93%,2.74
SIRI,SIRIUSXM HOLDINGS,Communication,Equity,"$3,805,651",0.01,"3,805,650.75","123,761.00",30.75,United States,NASDAQ,USD,1,--,12.11,0.00%,15.25%,49.93%,46.64%,-36.07%,2.54
VFC,VF CORP,Consumer Discretionary,Equity,"$3,792,346",0.01,"3,792,346.15","249,005.00",15.23,United States,NYSE,USD,1,--,22.17,-7.70%,-21.54%,-16.13%,24.23%,-20.09%,0.69
ESAB,ESAB CORP,Industrials,Equity,"$3,782,914",0.01,"3,782,913.96","39,921.00",94.76,United States,NYSE,USD,1,--,27.52,-2.35%,-6.67%,-15.82%,-13.28%,30.11%,3.36
OZK,BANK OZK,Financials,Equity,"$3,772,895",0.01,"3,772,895.00","72,250.00",52.22,United States,NASDAQ,USD,1,--,8.52,5.18%,6.29%,11.01%,8.91%,18.31%,6.05
MTN,VAIL RESORTS,Consumer Discretionary,Equity,"$3,759,945",0.01,"3,759,944.65","25,135.00",149.59,United States,NYSE,USD,1,--,34.36,5.26%,18.42%,11.67%,0.37%,-35.78%,4.40
BC,BRUNSWICK CORP,Consumer Discretionary,Equity,"$3,746,983",0.01,"3,746,983.46","44,998.00",83.27,United States,NYSE,USD,1,--,,5.05%,2.22%,9.72%,42.29%,-2.52%,-1.30
ALGM,ALLEGRO MICROSYSTEMS INC,Information Technology,Equity,"$3,717,837",0.01,"3,717,837.40","86,764.00",42.85,United States,NASDAQ,USD,1,--,556.59,-24.24%,-16.59%,59.23%,39.08%,1.93%,0.08
AN,AUTONATION,Consumer Discretionary,Equity,"$3,710,476",0.01,"3,710,476.00","17,210.00",215.6,United States,NYSE,USD,1,--,10.00,13.05%,5.29%,4.42%,10.28%,37.75%,21.59
VSNT,VERSANT MEDIA GROUP INC CLASS A,Communication,Equity,"$3,695,808",0.01,"3,695,807.82","101,589.00",36.38,United States,NASDAQ,USD,1,--,6.11,-2.26%,-11.20%,-22.02%,,,5.86
NEU,NEWMARKET,Materials,Equity,"$3,675,291",0.01,"3,675,291.36","4,134.00",889.04,United States,NYSE,USD,1,--,18.97,11.57%,29.08%,29.27%,23.13%,92.42%,46.48
RLI,RLI CORP,Financials,Equity,"$3,670,624",0.01,"3,670,624.32","59,376.00",61.82,United States,NYSE,USD,1,--,13.20,0.06%,26.14%,-1.06%,-9.11%,-9.61%,4.76
DBX,DROPBOX INC CLASS A,Information Technology,Equity,"$3,666,066",0.01,"3,666,066.32","106,232.00",34.51,United States,NASDAQ,USD,1,--,15.55,21.05%,39.77%,28.15%,30.18%,22.20%,2.25
GTLB,GITLAB CLASS A,Information Technology,Equity,"$3,658,871",0.01,"3,658,871.04","100,298.00",36.48,United States,NASDAQ,USD,1,--,,11.05%,50.19%,0.83%,-16.64%,-23.04%,-0.15
DUOL,DUOLINGO CLASS A,Consumer Discretionary,Equity,"$3,656,987",0.01,"3,656,987.00","26,548.00",137.75,United States,NASDAQ,USD,1,--,15.66,6.19%,31.17%,-21.95%,-59.91%,-1.71%,8.64
SLM,SLM CORP,Financials,Equity,"$3,648,880",0.01,"3,648,879.92","130,972.00",27.86,United States,NASDAQ,USD,1,--,7.69,9.13%,23.66%,1.64%,-12.50%,76.66%,3.57
VVV,VALVOLINE INC,Consumer Discretionary,Equity,"$3,605,079",0.01,"3,605,079.12","91,779.00",39.28,United States,NYSE,USD,1,--,50.82,1.79%,14.95%,36.06%,3.61%,8.12%,0.73
CUZ,COUSINS PROPERTIES REIT INC,Real Estate,Equity,"$3,605,126",0.01,"3,605,126.03","116,633.00",30.91,United States,NYSE,USD,1,--,785.90,0.88%,15.38%,19.25%,14.65%,27.62%,0.04
GNTX,GENTEX,Consumer Discretionary,Equity,"$3,586,861",0.01,"3,586,861.08","148,709.00",24.12,United States,NASDAQ,USD,1,--,,-1.43%,2.42%,1.82%,-9.36%,-29.41%,1.89
WTM,WHITE MOUNTAINS INSURANCE GROUP,Financials,Equity,"$3,555,887",0.01,"3,555,886.94","1,679.00","2,117.86",United States,NYSE,USD,1,--,5.19,-2.23%,1.82%,3.72%,18.80%,36.48%,406.77
ELF,ELF BEAUTY,Consumer Staples,Equity,"$3,549,351",0.01,"3,549,350.88","40,407.00",87.84,United States,NYSE,USD,1,--,194.78,19.53%,42.99%,12.89%,-20.43%,-32.90%,0.44
SAIC,SCIENCE APPLICATIONS INTERNATIONAL,Industrials,Equity,"$3,546,341",0.01,"3,546,340.94","29,462.00",120.37,United States,NASDAQ,USD,1,--,13.52,4.94%,27.56%,18.92%,4.54%,-1.66%,8.90
SHC,SOTERA HEALTH COMPANY,Health Care,Equity,"$3,535,416",0.01,"3,535,416.09","195,219.00",18.11,United States,NASDAQ,USD,1,--,43.83,1.40%,14.62%,2.37%,63.74%,7.22%,0.41
TEM,TEMPUS AI INC CLASS A,Health Care,Equity,"$3,535,855",0.01,"3,535,854.55","75,151.00",47.05,United States,NASDAQ,USD,1,--,,-22.49%,-12.06%,-24.55%,-15.27%,,-1.43
VNT,VONTIER,Information Technology,Equity,"$3,500,742",0.01,"3,500,742.02","103,511.00",33.82,United States,NYSE,USD,1,--,11.86,16.34%,-3.48%,-10.53%,-16.60%,12.66%,2.83
EXLS,EXLSERVICE HOLDINGS,Industrials,Equity,"$3,494,230",0.01,"3,494,230.34","101,606.00",34.39,United States,NASDAQ,USD,1,--,21.22,26.76%,11.04%,-16.55%,-19.57%,23.48%,1.59
KBR,KBR INC,Industrials,Equity,"$3,474,950",0.01,"3,474,950.31","91,857.00",37.83,United States,NYSE,USD,1,--,10.88,1.07%,7.75%,-6.62%,-23.76%,-38.76%,3.34
SGAFT,CASH COLLATERAL USD SGAFT,Cash and/or Derivatives,Cash Collateral and Margins,"$3,469,000",0.01,"3,469,000.00","3,469,000.00",100,United States,--,USD,1,"Sep 01, 2016",,,,,,,
LPX,LOUISIANA PACIFIC,Industrials,Equity,"$3,455,375",0.01,"3,455,374.66","44,986.00",76.81,United States,NYSE,USD,1,--,66.04,-1.03%,5.96%,-6.02%,-17.62%,18.24%,1.17
CE,CELANESE CORP,Materials,Equity,"$3,457,965",0.01,"3,457,964.64","76,436.00",45.24,United States,NYSE,USD,1,--,,-5.04%,-27.17%,7.31%,-5.40%,-63.73%,-10.00
PRIM,PRIMORIS SERVICES,Industrials,Equity,"$3,410,146",0.01,"3,410,145.60","37,536.00",90.85,United States,NYSE,USD,1,--,18.43,0.72%,-10.25%,-30.44%,-17.76%,184.80%,2.54
CELH,CELSIUS HOLDINGS,Consumer Staples,Equity,"$3,407,469",0.01,"3,407,468.54","115,351.00",29.54,United States,NASDAQ,USD,1,--,69.79,-10.59%,-9.94%,-38.14%,-30.88%,-38.12%,0.42
VIRT,VIRTU FINANCIAL INC CLASS A,Financials,Equity,"$3,383,634",0.01,"3,383,634.00","59,362.00",57,United States,NYSE,USD,1,--,9.70,-9.48%,13.57%,74.85%,34.28%,197.03%,6.02
TREX,TREX,Industrials,Equity,"$3,381,961",0.01,"3,381,960.52","71,926.00",47.02,United States,NYSE,USD,1,--,27.58,-2.65%,17.82%,31.23%,-23.08%,-37.16%,1.80
LLYVK,LIBERTY LIVE HOLDINGS INC SERIES C,Communication,Equity,"$3,359,873",0.01,"3,359,873.00","32,450.00",103.54,United States,NASDAQ,USD,1,--,,-2.54%,6.18%,23.03%,21.77%,136.93%,-3.90
GAP,GAP,Consumer Discretionary,Equity,"$3,336,584",0.01,"3,336,584.06","161,813.00",20.62,United States,NYSE,USD,1,--,8.14,6.45%,-16.04%,-18.14%,2.84%,95.82%,2.53
IRDM,IRIDIUM COMMUNICATIONS,Communication,Equity,"$3,303,381",0.01,"3,303,381.07","66,587.00",49.61,United States,NASDAQ,USD,1,--,55.10,-5.67%,22.22%,179.34%,105.94%,-0.50%,0.88
WSC,WILLSCOT HOLDINGS CLASS A,Industrials,Equity,"$3,281,499",0.01,"3,281,499.42","123,087.00",26.66,United States,NASDAQ,USD,1,--,,0.60%,13.93%,36.93%,8.68%,-38.98%,-0.38
NVST,ENVISTA HOLDINGS CORP,Health Care,Equity,"$3,260,164",0.01,"3,260,163.96","116,601.00",27.96,United States,NYSE,USD,1,--,70.89,1.64%,3.29%,28.91%,41.86%,-20.00%,0.40
OLLI,OLLIES BARGAIN OUTLET HOLDINGS INC,Consumer Discretionary,Equity,"$3,250,459",0.01,"3,250,458.90","42,159.00",77.1,United States,NASDAQ,USD,1,--,19.37,11.46%,-7.74%,-30.74%,-45.24%,6.36%,4.05
SITE,SITEONE LANDSCAPE SUPPLY INC,Industrials,Equity,"$3,246,379",0.01,"3,246,378.75","32,063.00",101.25,United States,NYSE,USD,1,--,27.91,-8.57%,-17.16%,-19.04%,-25.62%,-38.57%,3.65
RYAN,RYAN SPECIALTY HOLDINGS INC CLASS,Financials,Equity,"$3,227,524",0.01,"3,227,523.60","72,366.00",44.6,United States,NYSE,USD,1,--,63.28,8.23%,51.75%,-11.88%,-22.26%,0.63%,0.71
RNG,RINGCENTRAL INC CLASS A,Information Technology,Equity,"$3,214,054",0.01,"3,214,053.92","52,976.00",60.67,United States,NYSE,USD,1,--,48.96,54.61%,32.70%,119.90%,102.30%,55.64%,1.26
KRC,KILROY REALTY REIT,Real Estate,Equity,"$3,181,784",0.01,"3,181,783.68","80,838.00",39.36,United States,NYSE,USD,1,--,27.21,0.05%,12.17%,3.52%,3.12%,3.33%,1.42
FCN,FTI CONSULTING INC,Industrials,Equity,"$3,173,281",0.01,"3,173,281.28","20,176.00",157.28,United States,NYSE,USD,1,--,18.52,1.02%,-2.30%,-7.63%,-6.39%,-14.91%,8.27
MRP,MILLROSE PROPERTIES INC CLASS A,Real Estate,Equity,"$3,173,388",0.01,"3,173,388.30","107,865.00",29.42,United States,NYSE,USD,1,--,10.52,3.70%,4.36%,-1.37%,-6.99%,,2.79
TNL,TRAVEL LEISURE,Consumer Discretionary,Equity,"$3,171,188",0.01,"3,171,187.50","40,625.00",78.06,United States,NYSE,USD,1,--,21.21,3.38%,20.13%,8.37%,31.19%,92.50%,3.67
EPR,EPR PROPERTIES REIT,Real Estate,Equity,"$3,155,340",0.01,"3,155,340.02","51,541.00",61.22,United States,NYSE,USD,1,--,19.61,3.39%,8.68%,20.61%,14.39%,40.28%,3.12
BEPC,BROOKFIELD RENEWABLE SUBORDINATE V,Utilities,Equity,"$3,140,414",0.01,"3,140,414.20","93,604.00",33.55,Canada,NYSE,USD,1,--,,-8.38%,-10.29%,-15.89%,-1.38%,16.45%,-10.39
CPB,CAMPBELL SOUP,Consumer Staples,Equity,"$3,121,716",0.01,"3,121,716.08","137,158.00",22.76,United States,NASDAQ,USD,1,--,11.34,0.44%,8.59%,-17.86%,-30.38%,-48.67%,2.03
JBS,JBS N V NV CLASS A,Consumer Staples,Equity,"$3,101,828",0.01,"3,101,827.88","227,908.00",13.61,Brazil,NYSE,USD,1,--,8.71,12.20%,-18.45%,-4.02%,-1.52%,,1.57
ADT,ADT INC,Consumer Discretionary,Equity,"$3,082,798",0.01,"3,082,797.76","393,214.00",7.84,United States,NYSE,USD,1,--,10.65,16.15%,12.32%,-2.12%,-8.62%,27.27%,0.72
BYD,BOYD GAMING,Consumer Discretionary,Equity,"$3,078,085",0.01,"3,078,084.88","35,659.00",86.32,United States,NYSE,USD,1,--,3.71,-2.84%,1.37%,0.15%,3.63%,28.19%,22.72
APPF,APPFOLIO CLASS A,Information Technology,Equity,"$3,071,565",0.01,"3,071,564.82","15,394.00",199.53,United States,NASDAQ,USD,1,--,44.00,13.33%,19.36%,-13.39%,-36.12%,12.17%,4.39
PLNT,PLANET FITNESS INC CLASS A,Consumer Discretionary,Equity,"$3,028,705",0.01,"3,028,704.61","54,113.00",55.97,United States,NYSE,USD,1,--,20.43,6.77%,-12.49%,-48.99%,-47.26%,-9.45%,2.77
JHX,JAMES HARDIE INDUSTRIES PLC,Materials,Equity,"$3,014,044",0.01,"3,014,044.08","106,278.00",28.36,Australia,NYSE,USD,1,--,148.75,10.69%,32.40%,36.28%,2.31%,4.61%,0.19
GSAT,GLOBALSTAR VOTING,Communication,Equity,"$3,012,254",0.01,"3,012,254.17","35,993.00",83.69,United States,NASDAQ,USD,1,--,,4.35%,2.10%,30.79%,220.04%,385.16%,-0.15
MAT,MATTEL INC,Consumer Discretionary,Equity,"$2,995,598",0.01,"2,995,597.68","201,588.00",14.86,United States,NASDAQ,USD,1,--,9.14,13.87%,-1.46%,-25.85%,-14.10%,-30.17%,1.58
PVH,PVH,Consumer Discretionary,Equity,"$2,980,078",0.01,"2,980,078.26","33,567.00",88.78,United States,NYSE,USD,1,--,27.50,15.55%,-3.36%,30.91%,18.83%,1.92%,3.17
RHI,ROBERT HALF,Industrials,Equity,"$2,976,038",0.01,"2,976,037.96","72,604.00",40.99,United States,NYSE,USD,1,--,35.32,23.17%,56.63%,49.93%,18.26%,-45.74%,1.15
BBWI,BATH AND BODY WORKS,Consumer Discretionary,Equity,"$2,956,550",0.01,"2,956,550.22","140,387.00",21.06,United States,NYSE,USD,1,--,5.83,-3.92%,9.69%,1.54%,-27.65%,-46.41%,3.57
LOPE,GRAND CANYON EDUCATION INC,Consumer Discretionary,Equity,"$2,942,410",0.01,"2,942,409.60","19,512.00",150.8,United States,NASDAQ,USD,1,--,18.19,-1.71%,-8.33%,-8.82%,-12.35%,33.84%,8.28
NWS,NEWS CLASS B,Communication,Equity,"$2,937,307",0.01,"2,937,307.12","89,771.00",32.72,United States,NASDAQ,USD,1,--,16.50,8.99%,8.24%,9.91%,-3.51%,58.53%,1.03
MDU,MDU RESOURCES GROUP,Utilities,Equity,"$2,925,897",0.01,"2,925,896.96","145,712.00",20.08,United States,NYSE,USD,1,--,21.81,-1.42%,-10.00%,1.06%,14.81%,69.59%,0.92
THO,THOR INDUSTRIES,Consumer Discretionary,Equity,"$2,922,766",0.01,"2,922,766.28","36,562.00",79.94,United States,NYSE,USD,1,--,16.02,5.56%,3.58%,-24.18%,-16.08%,-27.44%,4.96
GLXY,GALAXY DIGITAL INC CLASS A,Financials,Equity,"$2,890,864",0.01,"2,890,864.08","130,572.00",22.14,United States,NASDAQ,USD,1,--,,-12.83%,-28.86%,-10.55%,-19.02%,377.16%,-0.43
HLNE,HAMILTON LANE CLASS A,Financials,Equity,"$2,880,847",0.01,"2,880,846.72","28,352.00",101.61,United States,NASDAQ,USD,1,--,17.03,23.22%,14.23%,-25.65%,-35.10%,9.28%,6.56
COLD,AMERICOLD REALTY INC TRUST,Real Estate,Equity,"$2,846,767",0.01,"2,846,767.17","200,901.00",14.17,United States,NYSE,USD,1,--,,-12.10%,11.57%,9.51%,-12.53%,-56.22%,-0.39
YETI,YETI HOLDINGS,Consumer Discretionary,Equity,"$2,833,778",0.01,"2,833,778.25","54,759.00",51.75,United States,NYSE,USD,1,--,26.60,6.88%,21.88%,15.41%,42.05%,24.07%,1.97
LAZ,LAZARD,Financials,Equity,"$2,824,598",0.01,"2,824,597.98","64,577.00",43.74,United States,NYSE,USD,1,--,21.44,1.06%,-6.06%,-12.06%,-15.36%,28.95%,2.04
LBRDK,LIBERTY BROADBAND CORP SERIES C,Communication,Equity,"$2,800,714",0.01,"2,800,713.76","77,776.00",36.01,United States,NASDAQ,USD,1,--,,13.42%,-1.48%,-26.12%,-39.55%,-60.56%,-36.71
ACI,ALBERTSONS COMPANY CLASS A,Consumer Staples,Equity,"$2,792,624",0.01,"2,792,623.83","231,369.00",12.07,United States,NYSE,USD,1,--,,-14.88%,-24.70%,-30.27%,-38.39%,-44.45%,
BFAM,BRIGHT HORIZONS FAMILY SOLUTIONS I,Consumer Discretionary,Equity,"$2,752,294",0.01,"2,752,293.60","36,406.00",75.6,United States,NYSE,USD,1,--,23.89,-0.15%,13.92%,-23.87%,-36.57%,-18.19%,3.16
BILL,BILL HOLDINGS,Information Technology,Equity,"$2,752,705",0.01,"2,752,704.75","56,675.00",48.57,United States,NYSE,USD,1,--,,20.73%,31.02%,-3.94%,15.04%,-56.71%,-0.01
PAG,PENSKE AUTOMOTIVE GROUP VOTING INC,Consumer Discretionary,Equity,"$2,741,849",0.01,"2,741,848.85","12,517.00",219.05,United States,NYSE,USD,1,--,15.18,19.43%,29.06%,38.50%,22.97%,30.53%,14.22
FIGR,FIGURE TECHNOLOGY SOLUTIONS CLASS,Financials,Equity,"$2,731,827",0.01,"2,731,827.04","98,836.00",27.64,United States,NASDAQ,USD,1,--,38.28,-19.67%,-27.26%,-36.81%,,,0.75
MORN,MORNINGSTAR,Financials,Equity,"$2,722,799",0.01,"2,722,799.25","13,597.00",200.25,United States,NASDAQ,USD,1,--,18.93,20.36%,19.44%,-4.83%,-22.98%,-9.33%,10.53
CCC,CCC INTELLIGENT SOLUTIONS HOLDINGS,Information Technology,Equity,"$2,674,735",0.01,"2,674,735.17","422,549.00",6.33,United States,NASDAQ,USD,1,--,93.76,11.25%,23.63%,-19.57%,-34.74%,-40.40%,0.07
BFB,BROWN FORMAN CLASS B,Consumer Staples,Equity,"$2,676,550",0.01,"2,676,550.11","94,013.00",28.47,United States,NYSE,USD,1,--,,,,,,,
DLB,DOLBY LABORATORIES CLASS A,Information Technology,Equity,"$2,669,804",0.01,"2,669,804.20","43,610.00",61.22,United States,NYSE,USD,1,--,26.05,22.34%,5.59%,-3.64%,-15.37%,-22.45%,2.36
OLED,UNIVERSAL DISPLAY CORP,Information Technology,Equity,"$2,657,990",0.01,"2,657,990.16","30,828.00",86.22,United States,NASDAQ,USD,1,--,20.78,7.08%,-8.26%,-29.24%,-37.97%,-47.62%,4.14
AMTM,AMENTUM HOLDINGS,Industrials,Equity,"$2,624,453",0.01,"2,624,452.52","108,718.00",24.14,United States,NYSE,USD,1,--,38.75,8.49%,-3.01%,-20.80%,-6.22%,,0.60
CWEN,CLEARWAY ENERGY INC CLASS C,Utilities,Equity,"$2,621,723",0.01,"2,621,722.98","82,626.00",31.73,United States,NYSE,USD,1,--,389.31,-4.14%,-17.56%,-6.57%,5.00%,27.53%,0.08
BHF,BRIGHTHOUSE FINANCIAL,Financials,Equity,"$2,588,784",0.01,"2,588,783.55","41,295.00",62.69,United States,NASDAQ,USD,1,--,,-3.38%,0.19%,-2.91%,32.03%,15.92%,-2.96
KRMN,KARMAN HOLDINGS INC,Industrials,Equity,"$2,580,560",0.01,"2,580,560.03","47,797.00",53.99,United States,NYSE,USD,1,--,243.56,1.18%,-14.56%,-29.75%,11.09%,,0.23
POST,POST HOLDINGS,Consumer Staples,Equity,"$2,571,216",0.01,"2,571,215.97","28,383.00",90.59,United States,NYSE,USD,1,--,15.01,2.36%,-12.68%,-9.07%,-11.57%,2.28%,5.95
SLGN,SILGAN HOLDINGS,Materials,Equity,"$2,559,344",0.01,"2,559,344.32","60,476.00",42.32,United States,NYSE,USD,1,--,16.76,-8.34%,4.49%,2.59%,-8.77%,-4.38%,2.54
FHB,FIRST HAWAIIAN,Financials,Equity,"$2,525,917",0.01,"2,525,917.25","89,413.00",28.25,United States,NASDAQ,USD,1,--,12.05,-6.89%,2.28%,10.05%,18.50%,37.60%,2.30
OGN,ORGANON,Health Care,Equity,"$2,520,940",0.01,"2,520,939.60","185,910.00",13.56,United States,NYSE,USD,1,--,17.38,0.00%,1.12%,87.29%,55.50%,-37.80%,0.78
GPK,GRAPHIC PACKAGING HOLDING,Materials,Equity,"$2,486,377",0,"2,486,377.35","209,115.00",11.89,United States,NYSE,USD,1,--,12.99,12.06%,6.16%,-21.52%,-45.73%,-48.86%,0.65
VKTX,VIKING THERAPEUTICS INC,Health Care,Equity,"$2,437,692",0,"2,437,691.76","74,004.00",32.94,United States,NASDAQ,USD,1,--,,-14.91%,2.04%,-7.00%,3.32%,159.17%,-4.66
AGO,ASSURED GUARANTY LTD,Financials,Equity,"$2,420,305",0,"2,420,305.11","29,199.00",82.89,United States,NYSE,USD,1,--,9.53,-0.88%,1.07%,-6.59%,-3.81%,32.05%,8.68
DRS,LEONARDO DRS INC,Industrials,Equity,"$2,403,837",0,"2,403,837.00","53,100.00",45.27,United States,NASDAQ,USD,1,--,37.23,-0.22%,8.33%,30.16%,9.59%,161.22%,1.20
WING,WINGSTOP,Consumer Discretionary,Equity,"$2,370,465",0,"2,370,465.00","19,510.00",121.5,United States,NASDAQ,USD,1,--,29.41,-28.77%,-16.45%,-52.69%,-63.83%,-27.18%,4.21
KD,KYNDRYL HOLDINGS,Information Technology,Equity,"$2,363,533",0,"2,363,532.86","160,894.00",14.69,United States,NYSE,USD,1,--,16.41,19.63%,11.97%,-42.37%,-50.51%,17.99%,0.85
LOAR,LOAR HOLDINGS,Industrials,Equity,"$2,258,275",0,"2,258,274.56","29,903.00",75.52,United States,NYSE,USD,1,--,106.73,-7.10%,22.14%,7.53%,6.89%,,0.71
HAYW,HAYWARD HOLDINGS,Industrials,Equity,"$2,240,484",0,"2,240,484.23","139,247.00",16.09,United States,NYSE,USD,1,--,22.27,-4.34%,7.84%,2.03%,3.47%,6.42%,0.73
FOUR,SHIFT4 PAYMENTS CLASS A,Financials,Equity,"$2,178,633",0,"2,178,632.97","39,177.00",55.61,United States,NYSE,USD,1,--,59.94,8.23%,29.69%,-11.28%,-32.35%,-15.25%,0.89
EEFT,EURONET WORLDWIDE INC,Financials,Equity,"$2,108,598",0,"2,108,598.00","27,420.00",76.9,United States,NASDAQ,USD,1,--,10.73,-1.36%,10.38%,3.78%,-16.78%,-11.59%,6.36
LINE,LINEAGE,Real Estate,Equity,"$2,084,082",0,"2,084,082.48","49,692.00",41.94,United States,NASDAQ,USD,1,--,,-3.56%,10.92%,18.41%,-6.15%,,-0.64
PPLI,PEOPLE,Communication,Equity,"$2,058,010",0,"2,058,009.75","44,325.00",46.43,United States,NASDAQ,USD,1,--,117.70,-1.71%,9.89%,18.93%,33.69%,-16.45%,0.37
SMG,SCOTTS MIRACLE GRO,Materials,Equity,"$2,055,390",0,"2,055,390.32","30,964.00",66.38,United States,NYSE,USD,1,--,37.31,-1.04%,5.62%,11.69%,9.72%,21.04%,1.77
FRPT,FRESHPET,Consumer Staples,Equity,"$2,043,943",0,"2,043,943.08","32,766.00",62.38,United States,NASDAQ,USD,1,--,19.78,15.33%,13.56%,3.71%,-2.06%,-24.16%,3.61
ALM,ALMONTY INDUSTRIES,Materials,Equity,"$2,013,739",0,"2,013,739.36","151,637.00",13.28,Canada,NASDAQ,USD,1,--,,-18.08%,-37.83%,50.91%,221.55%,1824.64%,
DOCS,DOXIMITY CLASS A,Health Care,Equity,"$2,007,182",0,"2,007,181.66","91,694.00",21.89,United States,NYSE,USD,1,--,21.96,-4.24%,-14.79%,-49.43%,-62.34%,-36.46%,0.98
QS,QUANTUMSCAPE CLASS A,Consumer Discretionary,Equity,"$1,991,563",0,"1,991,562.59","350,011.00",5.69,United States,NASDAQ,USD,1,--,,-21.41%,-28.43%,-48.55%,-31.28%,-28.70%,-0.67
CHH,CHOICE HOTELS INTERNATIONAL,Consumer Discretionary,Equity,"$1,986,260",0,"1,986,259.68","18,288.00",108.61,United States,NYSE,USD,1,--,15.08,0.87%,3.27%,13.02%,-12.87%,-15.39%,7.41
FRHC,FREEDOM HOLDING CORP,Financials,Equity,"$1,915,646",0,"1,915,645.50","12,399.00",154.5,United States,NASDAQ,USD,1,--,59.59,2.83%,9.49%,24.37%,-18.74%,94.63%,2.51
BOKF,BOK FINANCIAL CORP,Financials,Equity,"$1,909,908",0,"1,909,908.00","13,200.00",144.69,United States,NASDAQ,USD,1,--,14.60,3.26%,6.75%,21.92%,43.10%,59.74%,10.63
PEGA,PEGASYSTEMS,Information Technology,Equity,"$1,912,366",0,"1,912,366.00","60,232.00",31.75,United States,NASDAQ,USD,1,--,17.97,1.50%,-12.70%,-43.36%,-44.93%,33.52%,1.77
KVYO,KLAVIYO SERIES A,Information Technology,Equity,"$1,855,202",0,"1,855,202.10","97,131.00",19.1,United States,NYSE,USD,1,--,,12.35%,20.81%,-34.86%,-45.91%,,-0.03
WLK,WESTLAKE CORP,Materials,Equity,"$1,847,959",0,"1,847,958.97","22,919.00",80.63,United States,NYSE,USD,1,--,,7.79%,-19.31%,8.74%,-0.60%,-39.81%,-12.70
CAR,AVIS BUDGET GROUP INC,Industrials,Equity,"$1,770,194",0,"1,770,193.59","12,543.00",141.13,United States,NASDAQ,USD,1,--,,-10.90%,-14.07%,10.07%,-9.90%,-37.09%,-18.15
WHR,WHIRLPOOL,Consumer Discretionary,Equity,"$1,674,455",0,"1,674,454.74","37,527.00",44.62,United States,NYSE,USD,1,--,15.44,17.30%,-18.47%,-40.11%,-46.19%,-68.77%,2.93
UI,UBIQUITI,Information Technology,Equity,"$1,659,840",0,"1,659,840.00","2,964.00",560,United States,NYSE,USD,1,--,36.59,4.20%,-45.54%,-1.11%,21.94%,228.39%,15.56
AUGO,AURA MINERALS INC,Materials,Equity,"$1,639,271",0,"1,639,271.14","28,366.00",57.79,Brazil,NASDAQ,USD,1,--,61.79,-14.68%,-35.57%,15.58%,130.24%,,1.06
IPGP,IPG PHOTONICS CORP,Information Technology,Equity,"$1,640,393",0,"1,640,392.66","17,438.00",94.07,United States,NASDAQ,USD,1,--,135.18,-10.15%,-7.72%,25.69%,30.40%,-15.45%,0.65
MPT,MEDICAL PROPERTIES TRUST REIT INC,Real Estate,Equity,"$1,627,853",0,"1,627,853.40","350,076.00",4.65,United States,NYSE,USD,1,--,,0.87%,-11.09%,-8.46%,11.78%,-53.96%,-0.21
CACC,CREDIT ACCEPTANCE CORP,Financials,Equity,"$1,568,384",0,"1,568,383.80","2,668.00",587.85,United States,NASDAQ,USD,1,--,14.72,-10.55%,8.88%,29.51%,26.39%,17.76%,45.49
FWONA,LIBERTY MEDIA FORMULA ONE SERIES A,Communication,Equity,"$1,552,552",0,"1,552,552.28","17,539.00",88.52,United States,NASDAQ,USD,1,--,37.47,-3.33%,8.39%,-0.62%,-0.72%,37.97%,2.36
OLN,OLIN CORP,Materials,Equity,"$1,539,545",0,"1,539,544.80","80,816.00",19.05,United States,NYSE,USD,1,--,,-3.54%,-33.85%,-11.60%,3.48%,-67.58%,-1.74
HHH,HOWARD HUGHES HOLDINGS INC,Real Estate,Equity,"$1,520,191",0,"1,520,191.40","23,156.00",65.65,United States,NYSE,USD,1,--,32.17,-12.19%,2.39%,-16.70%,-5.03%,-18.92%,2.04
MFP,MIDERA FOOD PROCESSING INC,Industrials,Equity,"$1,429,151",0,"1,429,151.09","30,221.00",47.29,United States,NASDAQ,USD,1,--,,34.92%,,,,,
WU,WESTERN UNION,Financials,Equity,"$1,419,112",0,"1,419,112.23","194,133.00",7.31,United States,NYSE,USD,1,--,5.85,-8.40%,-18.69%,-20.80%,-9.19%,-38.78%,1.24
CAI,CARIS LIFE SCIENCES,Health Care,Equity,"$1,387,128",0,"1,387,127.70","86,157.00",16.1,United States,NASDAQ,USD,1,--,,-9.60%,-15.84%,-40.33%,-44.39%,,-1.47
LLYVA,LIBERTY LIVE HOLDINGS INC SERIES A,Communication,Equity,"$1,352,061",0,"1,352,061.03","13,579.00",99.57,United States,NASDAQ,USD,1,--,,-2.81%,4.52%,20.72%,20.44%,183.43%,-3.90
DDS,DILLARDS INC CLASS A,Consumer Discretionary,Equity,"$1,327,765",0,"1,327,764.72","2,148.00",618.14,United States,NYSE,USD,1,--,14.66,19.66%,8.17%,-2.95%,31.67%,85.36%,42.07
LBTYA,LIBERTY GLOBAL LTD CLASS A,Communication,Equity,"$1,268,980",0,"1,268,980.44","116,207.00",10.92,United States,NASDAQ,USD,1,--,,0.46%,-11.15%,0.18%,-1.00%,15.19%,-9.06
PSN,PARSONS CORP,Industrials,Equity,"$1,256,392",0,"1,256,391.63","25,857.00",48.59,United States,NYSE,USD,1,--,33.04,-15.42%,-5.98%,-21.89%,-36.00%,-10.91%,1.45
ZG,ZILLOW GROUP CLASS A,Real Estate,Equity,"$1,224,582",0,"1,224,582.10","33,070.00",37.03,United States,NASDAQ,USD,1,--,147.08,12.38%,-17.40%,-43.56%,-54.57%,-32.08%,0.25
SNDR,SCHNEIDER NATIONAL CLASS B,Industrials,Equity,"$1,198,742",0,"1,198,741.60","33,005.00",36.32,United States,NYSE,USD,1,--,57.59,1.68%,17.54%,34.67%,46.22%,17.69%,0.63
SMMT,SUMMIT THERAPEUTICS,Health Care,Equity,"$1,127,563",0,"1,127,563.20","81,945.00",13.76,United States,NASDAQ,USD,1,--,,-13.62%,-22.91%,-21.46%,-51.75%,673.03%,-1.12
BIRK,BIRKENSTOCK HOLDING PLC,Consumer Discretionary,Equity,"$1,062,087",0,"1,062,086.58","28,053.00",37.86,United States,NYSE,USD,1,--,16.90,-17.98%,-4.39%,-9.36%,-23.28%,,2.22
LBTYK,LIBERTY GLOBAL LTD CLASS C,Communication,Equity,"$1,036,778",0,"1,036,777.64","98,366.00",10.54,United States,NASDAQ,USD,1,--,,0.38%,-12.17%,-2.59%,-6.14%,2.83%,-9.06
BFA,BROWN FORMAN CLASS A,Consumer Staples,Equity,"$1,000,316",0,"1,000,316.46","34,661.00",28.86,United States,NYSE,USD,1,--,,,,,,,
REYN,REYNOLDS CONSUMER PRODUCTS INC,Consumer Staples,Equity,"$994,860",0,"994,860.03","37,813.00",26.31,United States,NASDAQ,USD,1,--,16.42,-0.57%,20.08%,14.09%,16.99%,-6.70%,1.63
JAN,JANUS LIVING INC CLASS A,Real Estate,Equity,"$967,858",0,"967,857.69","32,359.00",29.91,United States,NYSE,USD,1,--,,1.80%,12.91%,,,,
CNA,CNA FINANCIAL CORP,Financials,Equity,"$921,663",0,"921,662.88","17,403.00",52.96,United States,NYSE,USD,1,--,11.52,2.48%,21.94%,12.99%,11.26%,25.68%,4.54
FRMI,FERMI INC,Real Estate,Equity,"$905,100",0,"905,100.09","143,439.00",6.31,United States,NASDAQ,USD,1,--,,-23.14%,13.49%,-28.46%,,,-1.27
INGM,INGRAM MICRO HOLDING,Information Technology,Equity,"$897,858",0,"897,857.91","30,717.00",29.23,United States,NYSE,USD,1,--,15.67,11.27%,8.78%,37.17%,54.82%,,1.84
SEB,SEABOARD,Consumer Staples,Equity,"$887,255",0,"887,254.70",202,"4,392.35",United States,Nyse Mkt Llc,USD,1,--,7.09,-0.89%,-10.43%,-0.70%,25.92%,19.73%,661.92
COLM,COLUMBIA SPORTSWEAR,Consumer Discretionary,Equity,"$828,490",0,"828,489.74","14,386.00",57.59,United States,NASDAQ,USD,1,--,14.83,-9.02%,-9.24%,2.78%,11.09%,-23.07%,3.86
SFD,SMITHFIELD FOODS INC,Consumer Staples,Equity,"$805,761",0,"805,761.32","31,798.00",25.34,United States,NASDAQ,USD,1,--,9.86,3.22%,-3.17%,14.40%,-0.04%,,2.56
MWH,SOLV ENERGY CLASS A INC,Industrials,Equity,"$778,406",0,"778,406.40","27,028.00",28.8,United States,NASDAQ,USD,1,--,50.71,-8.10%,-31.87%,,,,0.55
TFSL,TFS FINANCIAL CORP,Financials,Equity,"$776,446",0,"776,446.42","41,722.00",18.61,United States,NASDAQ,USD,1,--,56.01,4.14%,23.25%,37.14%,46.31%,24.32%,0.33
PPC,PILGRIMS PRIDE CORP,Consumer Staples,Equity,"$746,711",0,"746,711.12","27,697.00",26.96,United States,NASDAQ,USD,1,--,11.62,-5.90%,-13.87%,-32.38%,-45.34%,7.32%,2.29
SAIL,SAILPOINT,Information Technology,Equity,"$733,915",0,"733,914.60","42,179.00",17.4,United States,NASDAQ,USD,1,--,,9.78%,49.74%,-8.18%,-14.03%,,-0.28
BLSH,BULLISH,Financials,Equity,"$553,778",0,"553,778.40","23,268.00",23.8,United States,NYSE,USD,1,--,,-10.43%,-46.29%,-39.38%,,,-6.60
XE,X-ENERGY INC CLASS A,Industrials,Equity,"$547,016",0,"547,016.49","29,457.00",18.57,United States,NASDAQ,USD,1,--,,1.36%,-41.60%,,,,
LENB,LENNAR CORP CLASS B,Consumer Discretionary,Equity,"$526,296",0,"526,296.42","6,162.00",85.41,United States,NYSE,USD,1,--,,,,,,,
CBC,CENTRAL BANCOMPANY CLASS A,Financials,Equity,"$479,450",0,"479,449.92","14,372.00",33.36,United States,NASDAQ,USD,1,--,19.25,4.94%,22.24%,39.87%,78.40%,123.29%,1.72
UHAL,U HAUL HOLDING,Industrials,Equity,"$460,217",0,"460,216.80","6,236.00",73.8,United States,NYSE,USD,1,--,174.74,10.56%,41.65%,45.99%,30.11%,24.45%,0.42
LBRDA,LIBERTY BROADBAND CORP SERIES A,Communication,Equity,"$422,785",0,"422,785.24","11,731.00",36.04,United States,NASDAQ,USD,1,--,,13.58%,-1.56%,-25.71%,-39.27%,-57.75%,-36.71
NIQ,NIQ GLOBAL INTELLIGENCE PLC,Communication,Equity,"$392,289",0,"392,289.30","33,529.00",11.7,United States,NYSE,USD,1,--,,19.14%,11.75%,-25.86%,-31.18%,,-1.20
UWMC,UWM HOLDINGS CLASS A,Financials,Equity,"$240,445",0,"240,444.75","123,305.00",1.95,United States,NYSE,USD,1,--,6.69,-11.36%,-44.13%,-55.78%,-53.79%,-71.49%,0.27
HOLX,HOLOGIC INC,Health Care,Equity,"$1,574",0,"1,574.05","157,405.00",0.01,United States,NO MARKET (E.G. UNLISTED),USD,1,--,,,,,,,
FAU6,S&P MID 400 EMINI SEP 26,Cash and/or Derivatives,Futures,$0,0,"5,827,050.00",15,"3,884.70",--,Index And Options Market,USD,1,--,,,,,,,
ESU6,S&P500 EMINI SEP 26,Cash and/or Derivatives,Futures,$0,0,"83,867,400.00",216,"7,765.50",--,Index And Options Market,USD,1,--,,,,,,,